[
{
  "model": "wishlist.wishlist",
  "pk": 70,
  "fields": {
    "user": 76,
    "variant": 32,
    "created_at": "2026-04-28T11:51:48.409Z",
    "updated_at": "2026-04-28T11:51:48.409Z"
  }
},
{
  "model": "wishlist.wishlist",
  "pk": 73,
  "fields": {
    "user": 76,
    "variant": 15,
    "created_at": "2026-04-28T18:03:13.210Z",
    "updated_at": "2026-04-28T18:03:13.210Z"
  }
},
{
  "model": "wishlist.wishlist",
  "pk": 76,
  "fields": {
    "user": 76,
    "variant": 34,
    "created_at": "2026-04-29T06:31:43.918Z",
    "updated_at": "2026-04-29T06:31:43.918Z"
  }
},
{
  "model": "wishlist.wishlist",
  "pk": 78,
  "fields": {
    "user": 76,
    "variant": 14,
    "created_at": "2026-04-30T04:07:34.695Z",
    "updated_at": "2026-04-30T04:07:34.695Z"
  }
},
{
  "model": "wishlist.wishlist",
  "pk": 80,
  "fields": {
    "user": 113,
    "variant": 33,
    "created_at": "2026-04-30T09:46:58.110Z",
    "updated_at": "2026-04-30T09:46:58.110Z"
  }
},
{
  "model": "wishlist.stocknotification",
  "pk": 1,
  "fields": {
    "user": 76,
    "variant": 14,
    "is_notified": true,
    "created_at": "2026-04-04T04:06:22.357Z"
  }
},
{
  "model": "wishlist.stocknotification",
  "pk": 2,
  "fields": {
    "user": 76,
    "variant": 16,
    "is_notified": true,
    "created_at": "2026-04-04T08:24:26.936Z"
  }
},
{
  "model": "accounts.profileuser",
  "pk": 76,
  "fields": {
    "password": "pbkdf2_sha256$1200000$LH5et1BZf00Zc0er7VSLyV$jinLhbno4x5akvDM0h0ybgcj7duLqoSsQkWCf/WqQTE=",
    "last_login": "2026-05-02T15:10:07.882Z",
    "is_superuser": false,
    "username": "nandhumobilee@gmail.com",
    "first_name": "",
    "last_name": "",
    "is_staff": false,
    "date_joined": "2026-03-31T06:26:06.999Z",
    "full_name": "Nandhu Jr",
    "email": "nandhumobilee@gmail.com",
    "phone_number": "+917366366666",
    "profile_image": "profile/avatar_c42ff3d9.jpg",
    "is_verified": true,
    "is_active": true,
    "created_at": "2026-03-31T06:26:07.620Z",
    "referral_code": "JK0A87KF",
    "referred_by": null,
    "referral_count": 2,
    "groups": [],
    "user_permissions": []
  }
},
{
  "model": "accounts.profileuser",
  "pk": 77,
  "fields": {
    "password": "pbkdf2_sha256$1200000$8h9wq7BTkRRAkyNN5mjuXM$lyVh0KWklt1+vR7J+oSQejzIzvCCAcUuVeFZaoTfmQc=",
    "last_login": "2026-04-27T13:12:27.517Z",
    "is_superuser": true,
    "username": "Nandhu",
    "first_name": "",
    "last_name": "",
    "is_staff": true,
    "date_joined": "2026-03-31T06:30:07.879Z",
    "full_name": "",
    "email": "nandhukr006@gmail.com",
    "phone_number": null,
    "profile_image": "profile/default.png",
    "is_verified": false,
    "is_active": true,
    "created_at": "2026-03-31T06:30:08.272Z",
    "referral_code": "",
    "referred_by": null,
    "referral_count": 0,
    "groups": [],
    "user_permissions": []
  }
},
{
  "model": "accounts.profileuser",
  "pk": 88,
  "fields": {
    "password": "pbkdf2_sha256$1200000$JNcjFWUOcmNQM1Er102MHu$XxcoNaApkMYpR8hwyNAe8YVqEzO4oxQL8Mox4poNfiM=",
    "last_login": "2026-04-24T06:49:45.259Z",
    "is_superuser": false,
    "username": "yekina5658@hacknapp.com",
    "first_name": "",
    "last_name": "",
    "is_staff": false,
    "date_joined": "2026-04-24T06:47:29.667Z",
    "full_name": "smith",
    "email": "yekina5658@hacknapp.com",
    "phone_number": "+919232323456",
    "profile_image": "profile/Forever_SkinGlow26_anya_WW_2400x3000.jpg",
    "is_verified": true,
    "is_active": true,
    "created_at": "2026-04-24T06:47:30.771Z",
    "referral_code": "JK0A87KF",
    "referred_by": 76,
    "referral_count": 0,
    "groups": [],
    "user_permissions": []
  }
},
{
  "model": "accounts.profileuser",
  "pk": 91,
  "fields": {
    "password": "pbkdf2_sha256$1200000$UWEqGFro8PyNSafNmQ2bYU$EUKVZGMLNOBeCt+LRFMYT7Q9Lwu1DWwuPOqgtTHZsJw=",
    "last_login": null,
    "is_superuser": true,
    "username": "testuser",
    "first_name": "",
    "last_name": "",
    "is_staff": true,
    "date_joined": "2026-04-28T17:57:26.430Z",
    "full_name": "",
    "email": "test@test.com",
    "phone_number": null,
    "profile_image": "profile/default.png",
    "is_verified": false,
    "is_active": true,
    "created_at": "2026-04-28T17:57:26.436Z",
    "referral_code": "UYRJLUFI",
    "referred_by": null,
    "referral_count": 0,
    "groups": [],
    "user_permissions": []
  }
},
{
  "model": "accounts.profileuser",
  "pk": 112,
  "fields": {
    "password": "!HMBAyoOZxpP38cRuGF4xeq1IuHrpfzoKl4SaDjdp",
    "last_login": "2026-04-29T08:46:20.649Z",
    "is_superuser": false,
    "username": "fzx",
    "first_name": "Fzx",
    "last_name": "Club",
    "is_staff": false,
    "date_joined": "2026-04-29T08:46:20.522Z",
    "full_name": "Fzx Club",
    "email": "clubfzx@gmail.com",
    "phone_number": null,
    "profile_image": "profile/default.png",
    "is_verified": true,
    "is_active": true,
    "created_at": "2026-04-29T08:46:20.571Z",
    "referral_code": "CH6HC2ZM",
    "referred_by": null,
    "referral_count": 0,
    "groups": [],
    "user_permissions": []
  }
},
{
  "model": "accounts.profileuser",
  "pk": 113,
  "fields": {
    "password": "pbkdf2_sha256$1200000$rMnsmVetwVtviRfYOtyJ9o$WJ1BlO4Fk/ZqT3mA86JA/fQoAmSa9uIIA98dAjaG/ZQ=",
    "last_login": "2026-04-30T09:41:25.420Z",
    "is_superuser": false,
    "username": "ajaykoffice123@gmail.com",
    "first_name": "",
    "last_name": "",
    "is_staff": false,
    "date_joined": "2026-04-30T09:40:31.888Z",
    "full_name": "Ajay k",
    "email": "ajaykoffice123@gmail.com",
    "phone_number": null,
    "profile_image": "profile/default.png",
    "is_verified": true,
    "is_active": true,
    "created_at": "2026-04-30T09:40:32.435Z",
    "referral_code": "54UZDPFJ",
    "referred_by": null,
    "referral_count": 0,
    "groups": [],
    "user_permissions": []
  }
},
{
  "model": "accounts.profileuser",
  "pk": 114,
  "fields": {
    "password": "pbkdf2_sha256$1200000$Zt3OEEvzQNxrkZFmsyg4Au$cuoNrpQkqcrTdrTnBiv0mI8WTOHVNU4HvILwKKIzVdw=",
    "last_login": "2026-05-02T11:18:59.294Z",
    "is_superuser": false,
    "username": "hohyde@fxzig.com",
    "first_name": "",
    "last_name": "",
    "is_staff": false,
    "date_joined": "2026-05-02T11:16:42.843Z",
    "full_name": "Nandagopan",
    "email": "hohyde@fxzig.com",
    "phone_number": null,
    "profile_image": "profile/default.png",
    "is_verified": true,
    "is_active": true,
    "created_at": "2026-05-02T11:16:44.374Z",
    "referral_code": "AJSXG08M",
    "referred_by": null,
    "referral_count": 0,
    "groups": [],
    "user_permissions": []
  }
},
{
  "model": "accounts.usersecurity",
  "pk": 1,
  "fields": {
    "user": 88,
    "resend_count": 0,
    "resend_blocked_until": null,
    "reset_token": null,
    "reset_requested_at": null,
    "reset_block_until": null,
    "reset_attempts": 0
  }
},
{
  "model": "accounts.usersecurity",
  "pk": 2,
  "fields": {
    "user": 112,
    "resend_count": 0,
    "resend_blocked_until": null,
    "reset_token": null,
    "reset_requested_at": null,
    "reset_block_until": null,
    "reset_attempts": 0
  }
},
{
  "model": "accounts.usersecurity",
  "pk": 3,
  "fields": {
    "user": 77,
    "resend_count": 0,
    "resend_blocked_until": null,
    "reset_token": null,
    "reset_requested_at": null,
    "reset_block_until": null,
    "reset_attempts": 0
  }
},
{
  "model": "accounts.usersecurity",
  "pk": 4,
  "fields": {
    "user": 91,
    "resend_count": 0,
    "resend_blocked_until": null,
    "reset_token": null,
    "reset_requested_at": null,
    "reset_block_until": null,
    "reset_attempts": 0
  }
},
{
  "model": "accounts.usersecurity",
  "pk": 5,
  "fields": {
    "user": 113,
    "resend_count": 0,
    "resend_blocked_until": null,
    "reset_token": null,
    "reset_requested_at": null,
    "reset_block_until": null,
    "reset_attempts": 0
  }
},
{
  "model": "accounts.usersecurity",
  "pk": 6,
  "fields": {
    "user": 76,
    "resend_count": 0,
    "resend_blocked_until": null,
    "reset_token": null,
    "reset_requested_at": null,
    "reset_block_until": null,
    "reset_attempts": 0
  }
},
{
  "model": "accounts.usersecurity",
  "pk": 7,
  "fields": {
    "user": 114,
    "resend_count": 0,
    "resend_blocked_until": null,
    "reset_token": null,
    "reset_requested_at": null,
    "reset_block_until": null,
    "reset_attempts": 0
  }
},
{
  "model": "accounts.otpverification",
  "pk": 56,
  "fields": {
    "user": 76,
    "otp_code": "1361",
    "expires_at": "2026-03-31T06:27:07.630Z",
    "is_verified": true,
    "created_at": "2026-03-31T06:26:07.630Z"
  }
},
{
  "model": "accounts.otpverification",
  "pk": 68,
  "fields": {
    "user": 88,
    "otp_code": "1380",
    "expires_at": "2026-04-24T06:48:30.804Z",
    "is_verified": true,
    "created_at": "2026-04-24T06:47:30.805Z"
  }
},
{
  "model": "accounts.otpverification",
  "pk": 102,
  "fields": {
    "user": 113,
    "otp_code": "5029",
    "expires_at": "2026-04-30T09:41:32.472Z",
    "is_verified": true,
    "created_at": "2026-04-30T09:40:32.472Z"
  }
},
{
  "model": "accounts.otpverification",
  "pk": 103,
  "fields": {
    "user": 114,
    "otp_code": "4299",
    "expires_at": "2026-05-02T11:17:44.414Z",
    "is_verified": true,
    "created_at": "2026-05-02T11:16:44.415Z"
  }
},
{
  "model": "accounts.loginattempt",
  "pk": 1,
  "fields": {
    "ip_address": "127.0.0.1",
    "username": "hohyde@fxzig.com",
    "timestamp": "2026-05-02T11:18:59.284Z",
    "is_successful": true
  }
},
{
  "model": "accounts.loginattempt",
  "pk": 2,
  "fields": {
    "ip_address": "127.0.0.1",
    "username": "nandhumobilee@gmail.com",
    "timestamp": "2026-05-02T15:10:07.861Z",
    "is_successful": true
  }
},
{
  "model": "user.address",
  "pk": 9,
  "fields": {
    "user": 76,
    "label": "HOME",
    "full_name": "Nandhu Jr",
    "street_address": "Sulthan Bthery",
    "city": "Cheeral",
    "district": "Wayanad",
    "state": "Kerala",
    "pincode": "673595",
    "country": "India",
    "phone_number": "6235090525",
    "is_default": false,
    "created_at": "2026-04-04T17:33:05.627Z"
  }
},
{
  "model": "user.address",
  "pk": 11,
  "fields": {
    "user": 76,
    "label": "HOME",
    "full_name": "Nandhu",
    "street_address": "cheeral po kaliinkar",
    "city": "Sulthan Bathery",
    "district": "Wayanadds",
    "state": "Kerala",
    "pincode": "673595",
    "country": "India",
    "phone_number": "6235099533",
    "is_default": false,
    "created_at": "2026-04-09T03:43:44.630Z"
  }
},
{
  "model": "user.address",
  "pk": 13,
  "fields": {
    "user": 88,
    "label": "HOME",
    "full_name": "Nandagopan",
    "street_address": "house nea to Cheeral",
    "city": "Sulthan Bathery",
    "district": "Wayanad",
    "state": "Kerala",
    "pincode": "673595",
    "country": "India",
    "phone_number": "6235090533",
    "is_default": true,
    "created_at": "2026-04-24T06:55:01.123Z"
  }
},
{
  "model": "user.address",
  "pk": 15,
  "fields": {
    "user": 113,
    "label": "HOME",
    "full_name": "Ajay k",
    "street_address": "Helloothhhhggjgjjsjd",
    "city": "Marayamangalam South",
    "district": "Palakkad",
    "state": "Kerala",
    "pincode": "679335",
    "country": "India",
    "phone_number": "9544274072",
    "is_default": true,
    "created_at": "2026-04-30T09:43:53.950Z"
  }
},
{
  "model": "user.address",
  "pk": 16,
  "fields": {
    "user": 76,
    "label": "HOME",
    "full_name": "Nandagopan",
    "street_address": "Cheeral fdfgfg",
    "city": "Sulthan Bathery",
    "district": "Wayanad",
    "state": "Kerala",
    "pincode": "673595",
    "country": "India",
    "phone_number": "6235099533",
    "is_default": true,
    "created_at": "2026-05-02T15:26:58.657Z"
  }
},
{
  "model": "category.category",
  "pk": 2,
  "fields": {
    "name": "serum",
    "slug": "serum",
    "is_active": true,
    "is_deleted": false,
    "created_at": "2026-03-24T05:19:14.823Z",
    "updated_at": "2026-03-31T11:09:11.083Z"
  }
},
{
  "model": "category.category",
  "pk": 3,
  "fields": {
    "name": "Cleaners",
    "slug": "cleaners",
    "is_active": true,
    "is_deleted": false,
    "created_at": "2026-03-24T05:52:14.554Z",
    "updated_at": "2026-04-08T22:27:34.355Z"
  }
},
{
  "model": "category.category",
  "pk": 6,
  "fields": {
    "name": "mask",
    "slug": "mask",
    "is_active": true,
    "is_deleted": false,
    "created_at": "2026-03-24T06:29:33.082Z",
    "updated_at": "2026-04-22T10:46:20.253Z"
  }
},
{
  "model": "category.category",
  "pk": 8,
  "fields": {
    "name": "BODY WASH",
    "slug": "body-wash",
    "is_active": true,
    "is_deleted": false,
    "created_at": "2026-04-23T22:52:22.874Z",
    "updated_at": "2026-04-29T07:34:13.261Z"
  }
},
{
  "model": "category.category",
  "pk": 9,
  "fields": {
    "name": "Foundation",
    "slug": "foundation",
    "is_active": true,
    "is_deleted": false,
    "created_at": "2026-04-23T23:02:32.898Z",
    "updated_at": "2026-04-23T23:02:32.898Z"
  }
},
{
  "model": "category.category",
  "pk": 10,
  "fields": {
    "name": "LipTick",
    "slug": "liptick",
    "is_active": true,
    "is_deleted": false,
    "created_at": "2026-04-23T23:20:23.840Z",
    "updated_at": "2026-04-23T23:20:23.840Z"
  }
},
{
  "model": "category.category",
  "pk": 11,
  "fields": {
    "name": "New things",
    "slug": "new-things",
    "is_active": true,
    "is_deleted": false,
    "created_at": "2026-04-24T07:10:21.698Z",
    "updated_at": "2026-04-29T07:41:04.960Z"
  }
},
{
  "model": "product.product",
  "pk": 6,
  "fields": {
    "name": "HYDRA F5",
    "slug": "hydraa-sp5",
    "category": 2,
    "description": "Welcome to the wonder of the world&nbsp;<br>this is glowe presentation",
    "ingredients": "suncrean ,combination nasti=ural",
    "how_to_use": "[{\"title\":\"first step\",\"desc\":\"washthe fach\"},{\"title\":\"take bottle \",\"desc\":\"open  and two 2 drops \"}]",
    "skin_type": "Dry,olly,Combination,Normal,Sensitive,Oily",
    "is_active": true,
    "is_deleted": false,
    "created_at": "2026-03-28T09:28:13.557Z",
    "updated_at": "2026-04-02T15:14:42.703Z"
  }
},
{
  "model": "product.product",
  "pk": 8,
  "fields": {
    "name": "BIFF SP5",
    "slug": "biff-sp5",
    "category": 2,
    "description": "welcome to glowe&nbsp;<br>this glowe is famous for skin care&nbsp;",
    "ingredients": "Aqua ,normal nurmal",
    "how_to_use": "[{\"title\":\"fist \",\"desc\":\"open the \"},{\"title\":\"sec\",\"desc\":\"close it \"}]",
    "skin_type": "Normal,Dry,Oily",
    "is_active": true,
    "is_deleted": false,
    "created_at": "2026-03-30T05:44:12.590Z",
    "updated_at": "2026-04-02T15:14:44.486Z"
  }
},
{
  "model": "product.product",
  "pk": 9,
  "fields": {
    "name": "SURUM F5",
    "slug": "surum-f5",
    "category": 2,
    "description": "<p data-start=\"75\" data-end=\"124\">You currently have <strong data-start=\"94\" data-end=\"123\">two “Suitable For” blocks</strong>:</p>\r\n<ol data-start=\"125\" data-end=\"219\">\r\n<li data-section-id=\"yo4mv\" data-start=\"125\" data-end=\"166\">\r\nYour original one (limited skin types)\r\n</li>\r\n<li data-section-id=\"qowv8q\" data-start=\"167\" data-end=\"219\">\r\nThe new improved one (handles <code data-start=\"200\" data-end=\"205\">all</code> + more types)\r\n</li>\r\n</ol>\r\n<p data-start=\"221\" data-end=\"248\">This will <strong data-start=\"231\" data-end=\"247\">duplicate UI</strong>.</p>",
    "ingredients": "You currently have two “Suitable For” blocks:\r\n\r\nYour original one (limited skin types)\r\nThe new improved one (handles all + more types)\r\n\r\nThis will duplicate UI.",
    "how_to_use": "[{\"title\":\"FIRST \",\"desc\":\"OPEN THEW BOTTLE \"},{\"title\":\"CLOSEW THE BOTTLE \",\"desc\":\"CLOSE IT CORRECTLY\"}]",
    "skin_type": "Combination,Sensitive,Dry,Normal",
    "is_active": true,
    "is_deleted": false,
    "created_at": "2026-03-30T07:52:19.950Z",
    "updated_at": "2026-04-08T22:52:55.314Z"
  }
},
{
  "model": "product.product",
  "pk": 10,
  "fields": {
    "name": "First project",
    "slug": "first-project",
    "category": 6,
    "description": "dfcjkdn,vlkvndslvv dvsa",
    "ingredients": "sdssfdvcvdf vdfs",
    "how_to_use": "[{\"title\":\"fid\",\"desc\":\"sdfdsf\"}]",
    "skin_type": "Normal,Dry",
    "is_active": true,
    "is_deleted": true,
    "created_at": "2026-03-31T11:55:01.281Z",
    "updated_at": "2026-03-31T11:57:31.072Z"
  }
},
{
  "model": "product.product",
  "pk": 12,
  "fields": {
    "name": "wassem",
    "slug": "wassem",
    "category": 6,
    "description": "zxsfcdgvbbhb&nbsp;",
    "ingredients": "sdfdghvbn",
    "how_to_use": "[{\"title\":\"fdvbf n\",\"desc\":\"vc bnm\"}]",
    "skin_type": "Dry,Normal,Sensitive",
    "is_active": true,
    "is_deleted": true,
    "created_at": "2026-04-02T15:18:07.950Z",
    "updated_at": "2026-04-23T09:38:25.947Z"
  }
},
{
  "model": "product.product",
  "pk": 13,
  "fields": {
    "name": "Brightening Serum with 10% Niacinamide Serum",
    "slug": "brightening-serum-with-10-niacinamide-serum",
    "category": 2,
    "description": "<h2 class=\"a-size-base-plus a-text-bold\" style=\"padding: 0px; padding-block-end: 0.25rem; text-rendering: optimizelegibility; color: rgb(15, 17, 17); background-color: rgb(255, 255, 255); font-weight: 700 !important; font-size: 1.25rem !important; line-height: 24px !important; font-family: &quot;Amazon Ember&quot; !important;\">About this item</h2><ul class=\"a-unordered-list a-vertical a-spacing-mini\" style=\"margin-left: 18px; color: rgb(15, 17, 17); font-family: Arial, sans-serif; background-color: rgb(255, 255, 255);\"><li class=\"a-spacing-mini\" style=\"list-style: disc; overflow-wrap: break-word; margin: 0px;\"><span class=\"a-list-item\">ANTI PIGMENTATION AND TANNING SERUM: The combination of niacinamide &amp; alpha arbutin improves the skin’s texture, evens out the skin tone and tackles hyperpigmentation and tanning.</span></li><li class=\"a-spacing-mini\" style=\"list-style: disc; overflow-wrap: break-word; margin: 0px;\"><span class=\"a-list-item\">FACE BRIGHTENING SERUM FOR GLOWING SKIN: This face brightening serum duo of niacinamide and alpha arbutin increases each other’s efficiency, improving the benefits multifold to give an enhanced brightening, which makes it perfect face serum for glowing skin.</span></li><li class=\"a-spacing-mini\" style=\"list-style: disc; overflow-wrap: break-word; margin: 0px;\"><span class=\"a-list-item\">SUITED FOR ALL SKIN TYPES: This brightening serum for face pigmentation is proven safe for all the skin types: oily, normal, dry &amp; sensitive. The serum is for both men &amp; women.</span></li><li class=\"a-spacing-mini\" style=\"list-style: disc; overflow-wrap: break-word; margin: 0px;\"><span class=\"a-list-item\">USAGE: Can be used upto twice a day on damp skin, both as a day serum or night serum. Use cleanser for oily skin before the serum and follow up with a moisturizer for face.</span></li><li class=\"a-spacing-mini\" style=\"list-style: disc; overflow-wrap: break-word; margin: 0px;\"><span class=\"a-list-item\">SAFE &amp; EFFECTIVE FORMULATION: This facial serum is fragrance free, paraben free, sulphate freealcohol free and cruelty free</span></li><li></li></ul>",
    "ingredients": "Vitamin B5,Niacinamide,Alpha Arbutin..",
    "how_to_use": "[{\"title\":\"Cleanse Your Face\",\"desc\":\"Wash your face with a gentle face wash and pat dry with a clean towel.\"},{\"title\":\"Apply Toner (Optional)\",\"desc\":\"Use a toner to balance your skin and prepare it for better absorption\"},{\"title\":\"Take Serum Drops\",\"desc\":\"Take 2–3 drops of serum on your fingertips.\"},{\"title\":\"Apply on Face\",\"desc\":\"Gently apply the serum on your face and neck using tapping motions.\"},{\"title\":\"Massage & Absorb\",\"desc\":\"Massage lightly until the serum is fully absorbed into the skin.\"}]",
    "skin_type": "Normal,Oily,Dry,Acne-prone,Sensitive,Combination,Mature,Dehydrated,Dull",
    "is_active": true,
    "is_deleted": false,
    "created_at": "2026-04-08T22:05:43.722Z",
    "updated_at": "2026-04-23T09:38:03.943Z"
  }
},
{
  "model": "product.product",
  "pk": 14,
  "fields": {
    "name": "Lakmē 9to5 Vitamin C +Serum",
    "slug": "lakme-9to5-vitamin-c-serum",
    "category": 2,
    "description": "<span style=\"color: rgb(69, 69, 69); font-family: &quot;Roc Grotesk Light&quot;; background-color: rgb(255, 255, 255);\">\"Introducing the Lakme 9to5 VitC+ facial serum. Lakme’s first vitamin C serum in a revolutionary light weight formula that is enriched with the richest known source of Vitamin C – Kakadu Plum. This superfood is known to contain 100X more Vitamin C than oranges! Vitamin C also known as the beauty vitamin|| is a powerhouse of antioxidants which is known to provide a healthy skin barrier that can fight multiple skin problems like ageing|| pollution &amp; sun damage and dullness of skin! Truly magical! Lakme 9to5 VitC+|| harnesses the power of this potent vitamin C and is designed to reduce skin dullness by fighting free radicals and promoting skin health. So|| you get nourished|| smooth skin with improved texture. Whats more! It’s easy to carry pack is handbag friendly|| that is perfect for your on the go lifestyle!</span><br style=\"-webkit-font-smoothing: antialiased; color: rgb(69, 69, 69); font-family: &quot;Roc Grotesk Light&quot;; background-color: rgb(255, 255, 255);\"><span style=\"color: rgb(69, 69, 69); font-family: &quot;Roc Grotesk Light&quot;; background-color: rgb(255, 255, 255);\">Key features:</span><br style=\"-webkit-font-smoothing: antialiased; color: rgb(69, 69, 69); font-family: &quot;Roc Grotesk Light&quot;; background-color: rgb(255, 255, 255);\"><span style=\"color: rgb(69, 69, 69); font-family: &quot;Roc Grotesk Light&quot;; background-color: rgb(255, 255, 255);\">- Light weight on skin</span><br style=\"-webkit-font-smoothing: antialiased; color: rgb(69, 69, 69); font-family: &quot;Roc Grotesk Light&quot;; background-color: rgb(255, 255, 255);\"><span style=\"color: rgb(69, 69, 69); font-family: &quot;Roc Grotesk Light&quot;; background-color: rgb(255, 255, 255);\">- Enriched with Kakadu plums</span><br style=\"-webkit-font-smoothing: antialiased; color: rgb(69, 69, 69); font-family: &quot;Roc Grotesk Light&quot;; background-color: rgb(255, 255, 255);\"><span style=\"color: rgb(69, 69, 69); font-family: &quot;Roc Grotesk Light&quot;; background-color: rgb(255, 255, 255);\">- Moisturises effectively</span><br style=\"-webkit-font-smoothing: antialiased; color: rgb(69, 69, 69); font-family: &quot;Roc Grotesk Light&quot;; background-color: rgb(255, 255, 255);\"><span style=\"color: rgb(69, 69, 69); font-family: &quot;Roc Grotesk Light&quot;; background-color: rgb(255, 255, 255);\">- Non greasy texture</span><br style=\"-webkit-font-smoothing: antialiased; color: rgb(69, 69, 69); font-family: &quot;Roc Grotesk Light&quot;; background-color: rgb(255, 255, 255);\"><span style=\"color: rgb(69, 69, 69); font-family: &quot;Roc Grotesk Light&quot;; background-color: rgb(255, 255, 255);\">- Improves skin feel</span><br style=\"-webkit-font-smoothing: antialiased; color: rgb(69, 69, 69); font-family: &quot;Roc Grotesk Light&quot;; background-color: rgb(255, 255, 255);\"><span style=\"color: rgb(69, 69, 69); font-family: &quot;Roc Grotesk Light&quot;; background-color: rgb(255, 255, 255);\">- Gives smooth skin</span><br style=\"-webkit-font-smoothing: antialiased; color: rgb(69, 69, 69); font-family: &quot;Roc Grotesk Light&quot;; background-color: rgb(255, 255, 255);\"><span style=\"color: rgb(69, 69, 69); font-family: &quot;Roc Grotesk Light&quot;; background-color: rgb(255, 255, 255);\">- Skin feels nourished</span><br style=\"-webkit-font-smoothing: antialiased; color: rgb(69, 69, 69); font-family: &quot;Roc Grotesk Light&quot;; background-color: rgb(255, 255, 255);\"><span style=\"color: rgb(69, 69, 69); font-family: &quot;Roc Grotesk Light&quot;; background-color: rgb(255, 255, 255);\">- No skin irritation</span><br style=\"-webkit-font-smoothing: antialiased; color: rgb(69, 69, 69); font-family: &quot;Roc Grotesk Light&quot;; background-color: rgb(255, 255, 255);\"><span style=\"color: rgb(69, 69, 69); font-family: &quot;Roc Grotesk Light&quot;; background-color: rgb(255, 255, 255);\">For best results|| use the Lakme 9to5 VitC+ facial serum twice daily|| morning and night on freshly cleansed face and follow it up with the Lakme 9to5 VitC+ day/night cream in the am or pm respectively.</span>",
    "ingredients": "Kakadu plum,Vitamin C",
    "how_to_use": "[{\"title\":\"Cleanse Your Face\",\"desc\":\"Wash your face with a gentle cleanser and pat dry to remove dirt and oil.\"},{\"title\":\"Take Serum Drops\",\"desc\":\"Take 2–3 drops of serum onto your fingertips.\"},{\"title\":\"Apply & Massage\",\"desc\":\"Gently apply on face and neck, then massage in upward circular motions until fully absorbed.\"},{\"title\":\"Moisturize & Protect\",\"desc\":\"Apply moisturizer to lock hydration. Use sunscreen in the daytime for best results.\"}]",
    "skin_type": "Normal,Dry,Oily,Sensitive,Combination",
    "is_active": true,
    "is_deleted": false,
    "created_at": "2026-04-08T22:15:43.743Z",
    "updated_at": "2026-04-23T08:37:09.278Z"
  }
},
{
  "model": "product.product",
  "pk": 15,
  "fields": {
    "name": "Advance Vitamin C Serum",
    "slug": "advance-vitamin-c-serum",
    "category": 2,
    "description": "<span style=\"color: rgb(25, 20, 21); font-family: Outfit, sans-serif; font-size: 16px; background-color: rgb(255, 255, 255);\">Made with 10% Vitamin C, a serum designed for Indian skin. Powered by Vitamin C, Ferulic Acid, and Mandarin Orange Extract, it brightens, repairs, and protects against sun damage, pigmentation, and dark spots. Achieve glowing, even-toned skin with every use.<br></span><p style=\"background-repeat: no-repeat; padding: 0px; margin-bottom: 2.4rem; line-height: 1.5; position: relative; color: rgb(25, 20, 21); font-family: Outfit, sans-serif; font-size: 16px; background-color: rgb(255, 255, 255);\">– Makes your skin brighter, Evens skin tone, Make your skin glowing and more healthier,</p><p style=\"background-repeat: no-repeat; padding: 0px; margin-bottom: 2.4rem; line-height: 1.5; position: relative; color: rgb(25, 20, 21); font-family: Outfit, sans-serif; font-size: 16px; background-color: rgb(255, 255, 255);\">– Specially formulated to work for dark spots &amp; Pigmentation.</p><p style=\"background-repeat: no-repeat; padding: 0px; margin-bottom: 2.4rem; line-height: 1.5; position: relative; color: rgb(25, 20, 21); font-family: Outfit, sans-serif; font-size: 16px; background-color: rgb(255, 255, 255);\">– Clear Dark Spots and maintain skin firmness.</p><p style=\"background-repeat: no-repeat; padding: 0px; margin-bottom: 2.4rem; line-height: 1.5; position: relative; color: rgb(25, 20, 21); font-family: Outfit, sans-serif; font-size: 16px; background-color: rgb(255, 255, 255);\">– Shields Skin from UV rays and Repairs damage cause by Sun.</p><p style=\"background-repeat: no-repeat; padding: 0px; margin-bottom: 2.4rem; line-height: 1.5; position: relative; color: rgb(25, 20, 21); font-family: Outfit, sans-serif; font-size: 16px; background-color: rgb(255, 255, 255);\">– Boosts Collagen production which Boosts elasticity.</p><p style=\"background-repeat: no-repeat; padding: 0px; margin-bottom: 2.4rem; line-height: 1.5; position: relative; color: rgb(25, 20, 21); font-family: Outfit, sans-serif; font-size: 16px; background-color: rgb(255, 255, 255);\">– Increases Skin moisture &amp; Makes it glowing</p><p style=\"background-repeat: no-repeat; padding: 0px; margin-bottom: 2.4rem; line-height: 1.5; position: relative; color: rgb(25, 20, 21); font-family: Outfit, sans-serif; font-size: 16px; background-color: rgb(255, 255, 255);\">– Anti- aging properties of this serum get you rid of signs of aging</p>",
    "ingredients": "Vitamin C– Our Potent Serum Comes with Highly 3-0 Ethyl Ascorbic Acid which is found to be Most effective Form Of Vitamin C.  It is Very Effective in making your skin more brighter, lighter, makes your skin glowing, Treats Pigmentation and Gives you more Youthful looking Complexion. \r\n\r\nCarica Papaya Fruit Ext- Carica papaya fruit extract, derived from the tropical papaya fruit, offers a myriad of benefits for the skin. Rich in enzymes like papain, vitamins A, C, and E, and antioxidants, this extract works wonders for rejuvenating and nourishing the skin.\r\n\r\nFerulic Acid – A Very Powerful Antioxidant that has Anti-Aging properties, when this active combined with vitamin c than it Boosts effectiveness of The Products. Ferulic acids works on age spots, Lightens Dark spots and repairs skin from uv rays and sun damage.\r\n\r\nMandarin Orange Fruit Extract- Mandarin orange fruit extract, derived from the vibrant citrus fruit, offers a wealth of benefits for the skin. Bursting with vitamins C and E, as well as antioxidants and essential minerals, this extract provides a potent dose of nourishment and protection",
    "how_to_use": "[{\"title\":\"Cleanse Your Skin\",\"desc\":\"Start with a face wash (like Proskire) to remove dirt, oil, and impurities. Pat your skin dry with a clean towel.\"},{\"title\":\"Apply Vitamin C Serum\",\"desc\":\"Take a small amount of serum on your fingertips and gently massage into your skin using upward and outward motions. Focus on dark spots or fine lines.\"},{\"title\":\"Allow Absorption\",\"desc\":\"Let the serum absorb for a few minutes before applying other skincare products.\"},{\"title\":\"Use Daily\",\"desc\":\"Use the serum daily, preferably in the morning, for best results. Consistency is key.\"}]",
    "skin_type": "Normal,Dry,Oily,Acne-prone,Sensitive,Combination,Mature,Dehydrated,Dull",
    "is_active": true,
    "is_deleted": false,
    "created_at": "2026-04-08T22:24:12.637Z",
    "updated_at": "2026-04-23T08:37:07.859Z"
  }
},
{
  "model": "product.product",
  "pk": 16,
  "fields": {
    "name": "Vitamin C Face Cleanser For Daily Glow & Brightness",
    "slug": "vitamin-c-face-cleanser-for-daily-glow-brightness",
    "category": 3,
    "description": "<span style=\"color: rgb(25, 20, 21); font-family: Outfit, sans-serif; font-size: 16px; background-color: rgb(255, 255, 255);\">Infused with Vitamin C, Vitamin E, and Glutathione, it gently cleanses while brightening the skin, reducing dark spots, and enhancing radiance. Achieve clean, glowing, and even-toned skin with every wash.</span>",
    "ingredients": "Vitamin C – Helps brighten skin and reduce dark spots\r\nVitamin E – Nourishes and protects the skin\r\nGlutathione – Supports skin glow and even tone",
    "how_to_use": "[{\"title\":\"Take Product\",\"desc\":\"Apply a small amount of face wash onto your palm.\"},{\"title\":\"Massage on Skin\",\"desc\":\"Gently massage onto wet skin using circular motions.\"},{\"title\":\"Rinse & Dry\",\"desc\":\"Rinse thoroughly with water and pat your face dry with a clean towel.\"},{\"title\":\"Use Daily\",\"desc\":\"Use daily for best results and healthy-looking skin.\"}]",
    "skin_type": "Normal,Combination,Oily,Dry",
    "is_active": true,
    "is_deleted": false,
    "created_at": "2026-04-08T22:31:51.004Z",
    "updated_at": "2026-04-23T08:36:45.299Z"
  }
},
{
  "model": "product.product",
  "pk": 17,
  "fields": {
    "name": "Anua Heartleaf Deep Cleansing",
    "slug": "anua-heartleaf-deep-cleansing",
    "category": 3,
    "description": "<span style=\"color: rgba(65, 65, 65, 0.75); font-family: Karla, sans-serif; background-color: rgb(255, 255, 255);\">A cleansing foam formulated with Heartleaf extract, designed to provide deep pore cleansing and gently exfoliate dead skin cells.</span>",
    "ingredients": "Houttuynia Cordata Flower/Leaf/Stem Water, Glycerin, Sodium Cocoyl Glycinate, Water, Sodium Lauroyl Glutamate, Disodiumn Cocoamphodiacetate, Coco-Glucoside, DecyI Glucoside, Hectorite, Sodium Chloride, 1,2-He xanediol, Betaine Salicylate, Potassium Benz oate, Houttuynia Cordata Powder, Polyquaternium-67, Acrylates/C10-30 Alky1 Acrylate Crosspolymer, Butylene Glycol, Gard enia Florida Fruit Extract, Dextrin, Disodium EDTA, Eucalyptus Globulus Leaf Oil, Ethylhexyl glycerin, Sodium Acetate, Isopropyl Alcohol, Pinus Palustris Leaf Extract, UImus Davidiana Root Extract, Oenothera Biennis (Evening Pr imrose) Flower Extract, Pueraria Lobata Root Extract, Pentylene Glycol'. Capryloyl Salicylic Acid, Tocopherol, Hydrolyzed Hyaluronic Acid, Hyaluronic Acid, Hydrolyzed Sodium Hyaluron ate, Sodium Hyaluronate, Potassium Hyaluron ate, Hydroxypropyltrimonium Hyaluronate, Sod jum Hyaluronate Crosspolymer, Sodium Acetyl ated Hyaluronate, Quercetin\r\n\r\n*Ingredients subject to change at manufacturer's discretion. For the most complete and up-to-date list of ingredients, please refer to product packaging.",
    "how_to_use": "[{\"title\":\"Remove Makeup (Optional)\",\"desc\":\"Thoroughly cleanse makeup and sunscreen using a cleansing oil\"},{\"title\":\"Take Cleanser\",\"desc\":\"Dispense an adequate amount of cleansing foam into your hands.\"},{\"title\":\"Create Foam\",\"desc\":\"Add a small amount of water and rub your hands to create a rich foam.\"},{\"title\":\"Cleanse & Rinse\",\"desc\":\"Gently massage onto your face in circular motions, then rinse thoroughly with water.\"}]",
    "skin_type": "Combination,Normal,Dry",
    "is_active": true,
    "is_deleted": false,
    "created_at": "2026-04-08T22:40:31.171Z",
    "updated_at": "2026-04-23T09:37:59.923Z"
  }
},
{
  "model": "product.product",
  "pk": 18,
  "fields": {
    "name": "Super Glow Vitamin c + magnesium serum",
    "slug": "super-glow-vitamin-c-magnesium-serum",
    "category": 2,
    "description": "<p class=\"pv-details__info-item pv-details__tagline\" style=\"transition: font-size 0.4s ease-in-out; font-family: Apercu, &quot;Gill Sans&quot;, sans-serif; margin-bottom: 0.5rem; font-size: 0.875rem; line-height: 1.225rem; max-height: 3.75rem; overflow: hidden; color: rgb(0, 0, 0); background-color: rgb(255, 255, 255);\">A nourishing Vitamin C serum for visibly smoother, more even-toned skin over time.</p><p class=\"pv-details__info-item\" id=\"description-item\" style=\"transition: font-size 0.4s ease-in-out; font-family: Apercu, &quot;Gill Sans&quot;, sans-serif; margin-bottom: 0.5rem; font-size: 0.875rem; line-height: 1.225rem; max-height: 58.8px; overflow: hidden; color: rgb(0, 0, 0); background-color: rgb(255, 255, 255);\">A lightweight, nourishing serum formulated with 5% Vitamin C derivative and Magnesium PCA. These ingredients team up to even skin tone, improve the appearance of dark spots, and replenish</p>",
    "ingredients": "Pro-Vitamin B5 and three molecular weights of Hyaluronic Acid pull moisture into the skin like a magnet (and keep it there) for instantly smooth, silky skin and long-lasting hydration.",
    "how_to_use": "[{\"title\":\"Cleanse & Tone\",\"desc\":\"Start with a clean face. Use a cleanser and toner to prep your skin.\"},{\"title\":\"Apply Serum Drops\",\"desc\":\"Use the dropper to take 3–4 drops into your hands.\"},{\"title\":\"Press Into Skin\",\"desc\":\"Gently press the serum onto your skin until fully absorbed. The lightweight formula layers easily.\"},{\"title\":\"Layer Other Serums\",\"desc\":\"For best results, layer products from lightest to heaviest: Super Pure → Super Bounce → Super Glow.\"}]",
    "skin_type": "Combination,Oily,Normal,Sensitive,Dry",
    "is_active": true,
    "is_deleted": false,
    "created_at": "2026-04-08T22:50:32.882Z",
    "updated_at": "2026-04-23T09:37:51.751Z"
  }
},
{
  "model": "product.product",
  "pk": 19,
  "fields": {
    "name": "Santal & Vetiver Body Wash",
    "slug": "santal-vetiver-body-wash",
    "category": 8,
    "description": "<span style=\"color: rgb(0, 0, 0); font-family: Oracle, sans-serif; font-size: 16px;\">Sunlight sparkles on softly rolling waves. A deep breath. Awaken. Energize. Lift. Plunge into depths of eucalyptus and orange blossom, earthy vetiver and amber, warm and lingering. Crisp bergamot and sharp grapefruit punctuate—a fresh start, a new day.</span><br style=\"color: rgb(0, 0, 0); font-family: Oracle, sans-serif; font-size: 16px;\"><br style=\"color: rgb(0, 0, 0); font-family: Oracle, sans-serif; font-size: 16px;\"><span style=\"color: rgb(0, 0, 0); font-family: Oracle, sans-serif; font-size: 16px;\">Notes:</span><br style=\"color: rgb(0, 0, 0); font-family: Oracle, sans-serif; font-size: 16px;\"><span style=\"color: rgb(0, 0, 0); font-family: Oracle, sans-serif; font-size: 16px;\">Top — Italian Bergamot, Grapefruit</span><br style=\"color: rgb(0, 0, 0); font-family: Oracle, sans-serif; font-size: 16px;\"><span style=\"color: rgb(0, 0, 0); font-family: Oracle, sans-serif; font-size: 16px;\">Heart — Hinoki, Vetiver</span><br style=\"color: rgb(0, 0, 0); font-family: Oracle, sans-serif; font-size: 16px;\"><span style=\"color: rgb(0, 0, 0); font-family: Oracle, sans-serif; font-size: 16px;\">Base — Eucalyptus, Amber, Orange Blossom</span>",
    "ingredients": "Prebiotics — Help balance skin’s microbiome after sweating and activity.\r\n\r\n \r\n\r\nVitamin C — Antioxidant that helps combat environmental stressors and brighten skin.\r\n\r\n \r\n\r\nNiacinamide — Also known as Vitamin B3, supports skin's barrier while helping to improve the look of skin texture.\r\n\r\n \r\n\r\nHyaluronic Acid — A water-loving molecule that can hold onto 1000x its weight in moisture. Hydrates while cleansing to keep skin soft.",
    "how_to_use": "[{\"title\":\"Wet Skin\",\"desc\":\"Start with damp skin in the shower.\"},{\"title\":\"Apply Cleanser\",\"desc\":\"Dispense a small amount onto your hands or sponge.\"},{\"title\":\"Massage Gently\",\"desc\":\"Work into a rich lather and massage over your body\"},{\"title\":\"Rinse Off\",\"desc\":\"Wash thoroughly and enjoy soft, refreshed skin.\"}]",
    "skin_type": "Dry,Oily,Normal,Combination,Sensitive,Acne-prone",
    "is_active": true,
    "is_deleted": false,
    "created_at": "2026-04-23T22:58:29.839Z",
    "updated_at": "2026-04-23T22:58:29.839Z"
  }
},
{
  "model": "product.product",
  "pk": 20,
  "fields": {
    "name": "Dior Forever Skin Glow",
    "slug": "dior-forever-skin-glow",
    "category": 9,
    "description": "<span style=\"color: rgb(123, 132, 135); font-family: Hellix, Hellix-fallback, Arial, sans-serif; background-color: rgb(248, 248, 248);\">Dior Forever Skin Glow is the 24h¹ wear natural glow foundation that combines flawless makeup with skincare benefits, for perfect skin with or without makeup.</span><br style=\"color: rgb(123, 132, 135); font-family: Hellix, Hellix-fallback, Arial, sans-serif; background-color: rgb(248, 248, 248);\"><br style=\"color: rgb(123, 132, 135); font-family: Hellix, Hellix-fallback, Arial, sans-serif; background-color: rgb(248, 248, 248);\"><span style=\"color: rgb(123, 132, 135); font-family: Hellix, Hellix-fallback, Arial, sans-serif; background-color: rgb(248, 248, 248);\">Designed to deliver perfect skin even in front of the cameras, its formula combines natural glow with medium-to-high buildable coverage. Ultra-soft and thin, it blends easily and seamlessly into the skin to even out skin tone and blur imperfections. It is formulated to resist heat and humidity, providing no-retouch perfection for 24h¹.</span><br style=\"color: rgb(123, 132, 135); font-family: Hellix, Hellix-fallback, Arial, sans-serif; background-color: rgb(248, 248, 248);\"><br style=\"color: rgb(123, 132, 135); font-family: Hellix, Hellix-fallback, Arial, sans-serif; background-color: rgb(248, 248, 248);\"><span style=\"color: rgb(123, 132, 135); font-family: Hellix, Hellix-fallback, Arial, sans-serif; background-color: rgb(248, 248, 248);\">Infused with a trio of skincare ingredients – hyaluronic acid, niacinamide, and peptide – this true triple-action care foundation improves bare skin in just 1 week³. Skin appears more radiant, plumped, and even - skin is flawless with or without makeup. With SPF 25 PA+++, skin stays protected and radiant all day.</span>",
    "ingredients": "- FINISH: natural glow\r\n- WEAR: 24h¹ wear, no-retouch\r\n- COVERAGE: flawless buildable medium-to-high coverage\r\n- SKINCARE: hyaluronic acid, niacinamide, peptide\r\n- EFFECTIVENESS: 48h² hydration, visible improvement on bare skin in 1 week³, SPF 25 PA+++\r\n- SHADES: 45 shades, 6 undertones",
    "how_to_use": "[{\"title\":\"Prep Your Skin\",\"desc\":\"Start with clean, moisturized skin. You can apply primer for a smoother base.\"},{\"title\":\"Dispense Product\",\"desc\":\"Take 1–2 pumps of foundation onto your hand.\"},{\"title\":\"Apply Evenly \",\"desc\":\" Use fingers, a brush, or a damp sponge to blend from the center of your face outward.\"},{\"title\":\"Build Coverage \",\"desc\":\" Add more layers if needed for extra coverage while keeping a natural glow.\"}]",
    "skin_type": "Normal,Dry,Oily,Acne-prone,Combination",
    "is_active": true,
    "is_deleted": false,
    "created_at": "2026-04-23T23:12:48.708Z",
    "updated_at": "2026-04-23T23:12:48.708Z"
  }
},
{
  "model": "product.product",
  "pk": 21,
  "fields": {
    "name": "Wet n Wild Lip Oil",
    "slug": "wet-n-wild-lip-oil",
    "category": 10,
    "description": "<p data-start=\"76\" data-end=\"206\">A lightweight, glossy lip oil infused with nourishing oils that hydrates, smooths, and gives your lips a juicy, high-shine finish.</p>",
    "ingredients": "Blend of 7 Oils – Deeply nourishes and softens lips\r\nJojoba Oil – Helps retain moisture\r\nAvocado Oil – Repairs and conditions dry lips\r\nVitamin E – Protects and smooths",
    "how_to_use": "[{\"title\":\"Prep Lips \",\"desc\":\"Start with clean, dry lips.\"},{\"title\":\"Apply Evenly \",\"desc\":\"Swipe the applicator across your lips.\"},{\"title\":\"Layer if Needed \",\"desc\":\" Add extra for more shine or hydration.\"},{\"title\":\"Reapply Anytime \",\"desc\":\"Use throughout the day for soft, glossy lips.\"}]",
    "skin_type": "Normal,Dry,Mature,Combination,Oily",
    "is_active": true,
    "is_deleted": false,
    "created_at": "2026-04-23T23:24:47.264Z",
    "updated_at": "2026-04-23T23:24:47.264Z"
  }
},
{
  "model": "product.product",
  "pk": 22,
  "fields": {
    "name": "Hair caring",
    "slug": "hair-caring",
    "category": 11,
    "description": "dtfhghn chbndcd efjdnc dk&nbsp; djcnjxnc",
    "ingredients": "sbjbjbjjknd dffnjnj cde",
    "how_to_use": "[{\"title\":\"dkcjkjjk\",\"desc\":\"open the and use it \"}]",
    "skin_type": "Normal,Dry,Oily",
    "is_active": true,
    "is_deleted": true,
    "created_at": "2026-04-24T07:11:37.382Z",
    "updated_at": "2026-04-27T10:01:05.140Z"
  }
},
{
  "model": "product.productimage",
  "pk": 25,
  "fields": {
    "product": 6,
    "image": "products/product_image_0_ujXZG7e.jpg",
    "is_primary": false,
    "created_at": "2026-03-28T09:28:13.622Z"
  }
},
{
  "model": "product.productimage",
  "pk": 26,
  "fields": {
    "product": 6,
    "image": "products/product_image_1_jYy08ec.jpg",
    "is_primary": true,
    "created_at": "2026-03-28T09:28:14.123Z"
  }
},
{
  "model": "product.productimage",
  "pk": 27,
  "fields": {
    "product": 6,
    "image": "products/product_image_2_o8639cj.jpg",
    "is_primary": false,
    "created_at": "2026-03-28T09:28:14.186Z"
  }
},
{
  "model": "product.productimage",
  "pk": 28,
  "fields": {
    "product": 6,
    "image": "products/product_image_3_7d36Ntw.jpg",
    "is_primary": false,
    "created_at": "2026-03-28T09:28:14.239Z"
  }
},
{
  "model": "product.productimage",
  "pk": 32,
  "fields": {
    "product": 8,
    "image": "products/product_image_0_UhDDv1M.jpg",
    "is_primary": true,
    "created_at": "2026-03-30T05:44:12.623Z"
  }
},
{
  "model": "product.productimage",
  "pk": 33,
  "fields": {
    "product": 8,
    "image": "products/product_image_1_Il73Ccq.jpg",
    "is_primary": false,
    "created_at": "2026-03-30T05:44:12.992Z"
  }
},
{
  "model": "product.productimage",
  "pk": 34,
  "fields": {
    "product": 8,
    "image": "products/product_image_2_wwIjxFG.jpg",
    "is_primary": false,
    "created_at": "2026-03-30T05:44:13.007Z"
  }
},
{
  "model": "product.productimage",
  "pk": 39,
  "fields": {
    "product": 10,
    "image": "products/product_image_0_eDIjEtX.jpg",
    "is_primary": true,
    "created_at": "2026-03-31T11:55:01.289Z"
  }
},
{
  "model": "product.productimage",
  "pk": 40,
  "fields": {
    "product": 10,
    "image": "products/product_image_1_nZW91rd.jpg",
    "is_primary": false,
    "created_at": "2026-03-31T11:55:01.417Z"
  }
},
{
  "model": "product.productimage",
  "pk": 41,
  "fields": {
    "product": 10,
    "image": "products/product_image_2_aQvvyoj.jpg",
    "is_primary": false,
    "created_at": "2026-03-31T11:55:01.432Z"
  }
},
{
  "model": "product.productimage",
  "pk": 48,
  "fields": {
    "product": 12,
    "image": "products/product_image_0_kxNsh1t.jpg",
    "is_primary": true,
    "created_at": "2026-04-02T15:18:07.957Z"
  }
},
{
  "model": "product.productimage",
  "pk": 49,
  "fields": {
    "product": 12,
    "image": "products/product_image_1_nU8Urus.jpg",
    "is_primary": false,
    "created_at": "2026-04-02T15:18:07.974Z"
  }
},
{
  "model": "product.productimage",
  "pk": 50,
  "fields": {
    "product": 12,
    "image": "products/product_image_2_9LfyMzI.jpg",
    "is_primary": false,
    "created_at": "2026-04-02T15:18:07.993Z"
  }
},
{
  "model": "product.productimage",
  "pk": 51,
  "fields": {
    "product": 9,
    "image": "products/new_0_I2SRAhk.jpg",
    "is_primary": true,
    "created_at": "2026-04-03T17:32:55.018Z"
  }
},
{
  "model": "product.productimage",
  "pk": 52,
  "fields": {
    "product": 9,
    "image": "products/new_1_iAWTZkE.jpg",
    "is_primary": false,
    "created_at": "2026-04-03T17:32:55.077Z"
  }
},
{
  "model": "product.productimage",
  "pk": 53,
  "fields": {
    "product": 9,
    "image": "products/new_2_e0zCFub.jpg",
    "is_primary": false,
    "created_at": "2026-04-03T17:32:55.104Z"
  }
},
{
  "model": "product.productimage",
  "pk": 54,
  "fields": {
    "product": 13,
    "image": "products/product_image_0_UW44wBL.jpg",
    "is_primary": true,
    "created_at": "2026-04-08T22:05:43.749Z"
  }
},
{
  "model": "product.productimage",
  "pk": 55,
  "fields": {
    "product": 13,
    "image": "products/product_image_1_6FN7cbD.jpg",
    "is_primary": false,
    "created_at": "2026-04-08T22:05:44.020Z"
  }
},
{
  "model": "product.productimage",
  "pk": 56,
  "fields": {
    "product": 13,
    "image": "products/product_image_2_y6LlZW4.jpg",
    "is_primary": false,
    "created_at": "2026-04-08T22:05:44.044Z"
  }
},
{
  "model": "product.productimage",
  "pk": 57,
  "fields": {
    "product": 14,
    "image": "products/product_image_0_MaRd387.jpg",
    "is_primary": true,
    "created_at": "2026-04-08T22:15:43.766Z"
  }
},
{
  "model": "product.productimage",
  "pk": 58,
  "fields": {
    "product": 14,
    "image": "products/product_image_1_0BXDDuI.jpg",
    "is_primary": false,
    "created_at": "2026-04-08T22:15:43.789Z"
  }
},
{
  "model": "product.productimage",
  "pk": 59,
  "fields": {
    "product": 14,
    "image": "products/product_image_2_1upY5jR.jpg",
    "is_primary": false,
    "created_at": "2026-04-08T22:15:43.814Z"
  }
},
{
  "model": "product.productimage",
  "pk": 60,
  "fields": {
    "product": 14,
    "image": "products/product_image_3_W8w6rtb.jpg",
    "is_primary": false,
    "created_at": "2026-04-08T22:15:43.838Z"
  }
},
{
  "model": "product.productimage",
  "pk": 61,
  "fields": {
    "product": 15,
    "image": "products/product_image_0_zb21qRH.jpg",
    "is_primary": true,
    "created_at": "2026-04-08T22:24:12.644Z"
  }
},
{
  "model": "product.productimage",
  "pk": 62,
  "fields": {
    "product": 15,
    "image": "products/product_image_1_9MNkAJD.jpg",
    "is_primary": false,
    "created_at": "2026-04-08T22:24:12.665Z"
  }
},
{
  "model": "product.productimage",
  "pk": 63,
  "fields": {
    "product": 15,
    "image": "products/product_image_2_rYueeXc.jpg",
    "is_primary": false,
    "created_at": "2026-04-08T22:24:12.687Z"
  }
},
{
  "model": "product.productimage",
  "pk": 64,
  "fields": {
    "product": 16,
    "image": "products/product_image_0_SCTU9Is.jpg",
    "is_primary": true,
    "created_at": "2026-04-08T22:31:51.009Z"
  }
},
{
  "model": "product.productimage",
  "pk": 65,
  "fields": {
    "product": 16,
    "image": "products/product_image_1_GiRdiWQ.jpg",
    "is_primary": false,
    "created_at": "2026-04-08T22:31:51.035Z"
  }
},
{
  "model": "product.productimage",
  "pk": 66,
  "fields": {
    "product": 16,
    "image": "products/product_image_2_ehEvLC9.jpg",
    "is_primary": false,
    "created_at": "2026-04-08T22:31:51.058Z"
  }
},
{
  "model": "product.productimage",
  "pk": 67,
  "fields": {
    "product": 17,
    "image": "products/product_image_0_kKdf2ZU.jpg",
    "is_primary": true,
    "created_at": "2026-04-08T22:40:31.196Z"
  }
},
{
  "model": "product.productimage",
  "pk": 68,
  "fields": {
    "product": 17,
    "image": "products/product_image_1_RQ30VMl.jpg",
    "is_primary": false,
    "created_at": "2026-04-08T22:40:31.257Z"
  }
},
{
  "model": "product.productimage",
  "pk": 69,
  "fields": {
    "product": 17,
    "image": "products/product_image_2_2ubXkXh.jpg",
    "is_primary": false,
    "created_at": "2026-04-08T22:40:31.279Z"
  }
},
{
  "model": "product.productimage",
  "pk": 70,
  "fields": {
    "product": 17,
    "image": "products/product_image_3_0db8G1C.jpg",
    "is_primary": false,
    "created_at": "2026-04-08T22:40:31.303Z"
  }
},
{
  "model": "product.productimage",
  "pk": 71,
  "fields": {
    "product": 18,
    "image": "products/product_image_0_TQneNYz.jpg",
    "is_primary": true,
    "created_at": "2026-04-08T22:50:32.913Z"
  }
},
{
  "model": "product.productimage",
  "pk": 72,
  "fields": {
    "product": 18,
    "image": "products/product_image_1_7I1zGbc.jpg",
    "is_primary": false,
    "created_at": "2026-04-08T22:50:32.955Z"
  }
},
{
  "model": "product.productimage",
  "pk": 73,
  "fields": {
    "product": 18,
    "image": "products/product_image_2_l0BNgkq.jpg",
    "is_primary": false,
    "created_at": "2026-04-08T22:50:32.979Z"
  }
},
{
  "model": "product.productimage",
  "pk": 74,
  "fields": {
    "product": 19,
    "image": "products/product_image_0_8D2nGRR.jpg",
    "is_primary": true,
    "created_at": "2026-04-23T22:58:29.907Z"
  }
},
{
  "model": "product.productimage",
  "pk": 75,
  "fields": {
    "product": 19,
    "image": "products/product_image_1_2xy7MyW.jpg",
    "is_primary": false,
    "created_at": "2026-04-23T22:58:30.325Z"
  }
},
{
  "model": "product.productimage",
  "pk": 76,
  "fields": {
    "product": 19,
    "image": "products/product_image_2_oxLd5rk.jpg",
    "is_primary": false,
    "created_at": "2026-04-23T22:58:30.353Z"
  }
},
{
  "model": "product.productimage",
  "pk": 77,
  "fields": {
    "product": 20,
    "image": "products/product_image_0_pZlmogL.jpg",
    "is_primary": true,
    "created_at": "2026-04-23T23:12:48.730Z"
  }
},
{
  "model": "product.productimage",
  "pk": 78,
  "fields": {
    "product": 20,
    "image": "products/product_image_1_q4WGorW.jpg",
    "is_primary": false,
    "created_at": "2026-04-23T23:12:48.776Z"
  }
},
{
  "model": "product.productimage",
  "pk": 79,
  "fields": {
    "product": 20,
    "image": "products/product_image_2_UNPJ6MW.jpg",
    "is_primary": false,
    "created_at": "2026-04-23T23:12:48.804Z"
  }
},
{
  "model": "product.productimage",
  "pk": 80,
  "fields": {
    "product": 20,
    "image": "products/product_image_3_IkQaWiM.jpg",
    "is_primary": false,
    "created_at": "2026-04-23T23:12:48.833Z"
  }
},
{
  "model": "product.productimage",
  "pk": 81,
  "fields": {
    "product": 21,
    "image": "products/product_image_0_sR1faSo.jpg",
    "is_primary": true,
    "created_at": "2026-04-23T23:24:47.276Z"
  }
},
{
  "model": "product.productimage",
  "pk": 82,
  "fields": {
    "product": 21,
    "image": "products/product_image_1_KabeSMv.jpg",
    "is_primary": false,
    "created_at": "2026-04-23T23:24:47.339Z"
  }
},
{
  "model": "product.productimage",
  "pk": 83,
  "fields": {
    "product": 21,
    "image": "products/product_image_2_DnWA7bd.jpg",
    "is_primary": false,
    "created_at": "2026-04-23T23:24:47.385Z"
  }
},
{
  "model": "product.productimage",
  "pk": 84,
  "fields": {
    "product": 21,
    "image": "products/product_image_3_Wl4n3UX.jpg",
    "is_primary": false,
    "created_at": "2026-04-23T23:24:47.411Z"
  }
},
{
  "model": "product.productimage",
  "pk": 86,
  "fields": {
    "product": 22,
    "image": "products/product_image_1_UWnHBd9.jpg",
    "is_primary": true,
    "created_at": "2026-04-24T07:11:37.601Z"
  }
},
{
  "model": "product.variant",
  "pk": 1,
  "fields": {
    "product": 6,
    "size": "50g",
    "sku": "HYDRAA-SP5-50G",
    "price": "199.00",
    "stock": 99,
    "is_default": false,
    "is_active": true,
    "created_at": "2026-03-28T12:23:06.777Z"
  }
},
{
  "model": "product.variant",
  "pk": 2,
  "fields": {
    "product": 6,
    "size": "100g",
    "sku": "HYDRAA-SP5-100G",
    "price": "399.00",
    "stock": 45,
    "is_default": true,
    "is_active": true,
    "created_at": "2026-03-28T13:55:28.259Z"
  }
},
{
  "model": "product.variant",
  "pk": 10,
  "fields": {
    "product": 8,
    "size": "50ml",
    "sku": "BIFF-SP5-50ML",
    "price": "199.00",
    "stock": 15,
    "is_default": false,
    "is_active": true,
    "created_at": "2026-03-30T05:44:46.597Z"
  }
},
{
  "model": "product.variant",
  "pk": 11,
  "fields": {
    "product": 8,
    "size": "100ml",
    "sku": "BIFF-SP5-100ML",
    "price": "299.00",
    "stock": 17,
    "is_default": false,
    "is_active": true,
    "created_at": "2026-03-30T05:45:15.983Z"
  }
},
{
  "model": "product.variant",
  "pk": 12,
  "fields": {
    "product": 8,
    "size": "150ml",
    "sku": "BIFF-SP5-150ML",
    "price": "399.00",
    "stock": 47,
    "is_default": false,
    "is_active": true,
    "created_at": "2026-03-30T05:45:30.743Z"
  }
},
{
  "model": "product.variant",
  "pk": 14,
  "fields": {
    "product": 9,
    "size": "150ml",
    "sku": "SURUM-F5-150ML",
    "price": "399.00",
    "stock": 0,
    "is_default": false,
    "is_active": true,
    "created_at": "2026-03-30T07:52:49.652Z"
  }
},
{
  "model": "product.variant",
  "pk": 15,
  "fields": {
    "product": 9,
    "size": "75ml",
    "sku": "SURUM-F5-75ML",
    "price": "289.00",
    "stock": 85,
    "is_default": false,
    "is_active": true,
    "created_at": "2026-03-30T07:53:04.819Z"
  }
},
{
  "model": "product.variant",
  "pk": 16,
  "fields": {
    "product": 9,
    "size": "50ml",
    "sku": "SURUM-F5-50ML",
    "price": "199.00",
    "stock": 0,
    "is_default": true,
    "is_active": true,
    "created_at": "2026-03-31T09:13:13.916Z"
  }
},
{
  "model": "product.variant",
  "pk": 18,
  "fields": {
    "product": 8,
    "size": "123g",
    "sku": "BIFF-SP5-123G",
    "price": "12.00",
    "stock": 55,
    "is_default": true,
    "is_active": true,
    "created_at": "2026-04-07T14:42:10.022Z"
  }
},
{
  "model": "product.variant",
  "pk": 19,
  "fields": {
    "product": 13,
    "size": "30ml",
    "sku": "BRIGHTENING-SERUM-WITH-10-NIACINAMIDE-SERUM-30ML",
    "price": "349.00",
    "stock": 48,
    "is_default": true,
    "is_active": true,
    "created_at": "2026-04-08T22:06:45.264Z"
  }
},
{
  "model": "product.variant",
  "pk": 20,
  "fields": {
    "product": 13,
    "size": "60ml",
    "sku": "BRIGHTENING-SERUM-WITH-10-NIACINAMIDE-SERUM-60ML",
    "price": "699.00",
    "stock": 70,
    "is_default": false,
    "is_active": true,
    "created_at": "2026-04-08T22:07:03.884Z"
  }
},
{
  "model": "product.variant",
  "pk": 21,
  "fields": {
    "product": 13,
    "size": "15ml",
    "sku": "BRIGHTENING-SERUM-WITH-10-NIACINAMIDE-SERUM-15ML",
    "price": "299.00",
    "stock": 32,
    "is_default": false,
    "is_active": true,
    "created_at": "2026-04-08T22:07:31.154Z"
  }
},
{
  "model": "product.variant",
  "pk": 22,
  "fields": {
    "product": 14,
    "size": "15ml",
    "sku": "LAKME-9TO5-VITAMIN-C-SERUM-15ML",
    "price": "276.00",
    "stock": 66,
    "is_default": true,
    "is_active": true,
    "created_at": "2026-04-08T22:16:14.838Z"
  }
},
{
  "model": "product.variant",
  "pk": 23,
  "fields": {
    "product": 14,
    "size": "30ml",
    "sku": "LAKME-9TO5-VITAMIN-C-SERUM-30ML",
    "price": "399.00",
    "stock": 4,
    "is_default": false,
    "is_active": true,
    "created_at": "2026-04-08T22:16:34.865Z"
  }
},
{
  "model": "product.variant",
  "pk": 24,
  "fields": {
    "product": 15,
    "size": "30ml",
    "sku": "ADVANCE-VITAMIN-C-SERUM-30ML",
    "price": "455.00",
    "stock": 25,
    "is_default": true,
    "is_active": true,
    "created_at": "2026-04-08T22:24:36.736Z"
  }
},
{
  "model": "product.variant",
  "pk": 25,
  "fields": {
    "product": 15,
    "size": "70ml",
    "sku": "ADVANCE-VITAMIN-C-SERUM-70ML",
    "price": "599.00",
    "stock": 42,
    "is_default": false,
    "is_active": true,
    "created_at": "2026-04-08T22:24:55.417Z"
  }
},
{
  "model": "product.variant",
  "pk": 26,
  "fields": {
    "product": 16,
    "size": "100ml",
    "sku": "VITAMIN-C-FACE-CLEANSER-FOR-DAILY-GLOW-BRIGHTNESS-100ML",
    "price": "445.00",
    "stock": 43,
    "is_default": true,
    "is_active": true,
    "created_at": "2026-04-08T22:32:19.733Z"
  }
},
{
  "model": "product.variant",
  "pk": 27,
  "fields": {
    "product": 17,
    "size": "50g",
    "sku": "ANUA-HEARTLEAF-DEEP-CLEANSING-50G",
    "price": "299.00",
    "stock": 33,
    "is_default": true,
    "is_active": true,
    "created_at": "2026-04-08T22:41:02.686Z"
  }
},
{
  "model": "product.variant",
  "pk": 28,
  "fields": {
    "product": 17,
    "size": "100g",
    "sku": "ANUA-HEARTLEAF-DEEP-CLEANSING-100G",
    "price": "450.00",
    "stock": 10,
    "is_default": false,
    "is_active": true,
    "created_at": "2026-04-08T22:41:19.802Z"
  }
},
{
  "model": "product.variant",
  "pk": 29,
  "fields": {
    "product": 18,
    "size": "90ml",
    "sku": "SUPER-GLOW-VITAMIN-C-MAGNESIUM-SERUM-90ML",
    "price": "799.00",
    "stock": 0,
    "is_default": true,
    "is_active": true,
    "created_at": "2026-04-08T22:50:55.077Z"
  }
},
{
  "model": "product.variant",
  "pk": 30,
  "fields": {
    "product": 18,
    "size": "150ml",
    "sku": "SUPER-GLOW-VITAMIN-C-MAGNESIUM-SERUM-150ML",
    "price": "999.00",
    "stock": 6,
    "is_default": false,
    "is_active": true,
    "created_at": "2026-04-08T22:51:09.316Z"
  }
},
{
  "model": "product.variant",
  "pk": 31,
  "fields": {
    "product": 19,
    "size": "500ml",
    "sku": "SANTAL-VETIVER-BODY-WASH-500ML",
    "price": "799.00",
    "stock": 30,
    "is_default": true,
    "is_active": true,
    "created_at": "2026-04-23T22:58:55.250Z"
  }
},
{
  "model": "product.variant",
  "pk": 32,
  "fields": {
    "product": 19,
    "size": "1000ml",
    "sku": "SANTAL-VETIVER-BODY-WASH-1000ML",
    "price": "1199.00",
    "stock": 45,
    "is_default": false,
    "is_active": true,
    "created_at": "2026-04-23T22:59:10.853Z"
  }
},
{
  "model": "product.variant",
  "pk": 33,
  "fields": {
    "product": 20,
    "size": "45ml",
    "sku": "DIOR-FOREVER-SKIN-GLOW-45ML",
    "price": "659.00",
    "stock": 43,
    "is_default": true,
    "is_active": true,
    "created_at": "2026-04-23T23:13:46.596Z"
  }
},
{
  "model": "product.variant",
  "pk": 34,
  "fields": {
    "product": 21,
    "size": "15ml",
    "sku": "WET-N-WILD-LIP-OIL-15ML",
    "price": "399.00",
    "stock": 10,
    "is_default": true,
    "is_active": true,
    "created_at": "2026-04-23T23:25:09.840Z"
  }
},
{
  "model": "product.variant",
  "pk": 35,
  "fields": {
    "product": 22,
    "size": "100g",
    "sku": "HAIR-CARING-100G",
    "price": "200.00",
    "stock": 29,
    "is_default": true,
    "is_active": true,
    "created_at": "2026-04-24T07:12:03.224Z"
  }
},
{
  "model": "product.variant",
  "pk": 36,
  "fields": {
    "product": 22,
    "size": "150g",
    "sku": "HAIR-CARING-150G",
    "price": "299.00",
    "stock": 4,
    "is_default": false,
    "is_active": true,
    "created_at": "2026-04-24T07:12:18.135Z"
  }
},
{
  "model": "cart.cart",
  "pk": 3,
  "fields": {
    "user": 76,
    "created_at": "2026-03-31T06:27:38.277Z",
    "updated_at": "2026-03-31T06:27:38.277Z"
  }
},
{
  "model": "cart.cart",
  "pk": 7,
  "fields": {
    "user": 88,
    "created_at": "2026-04-24T06:52:32.085Z",
    "updated_at": "2026-04-24T06:52:32.085Z"
  }
},
{
  "model": "cart.cart",
  "pk": 10,
  "fields": {
    "user": 112,
    "created_at": "2026-04-29T09:11:30.887Z",
    "updated_at": "2026-04-29T09:11:30.887Z"
  }
},
{
  "model": "cart.cart",
  "pk": 11,
  "fields": {
    "user": 113,
    "created_at": "2026-04-30T09:41:32.010Z",
    "updated_at": "2026-04-30T09:41:32.010Z"
  }
},
{
  "model": "cart.cartitem",
  "pk": 183,
  "fields": {
    "cart": 10,
    "variant": 28,
    "quantity": 1,
    "created_at": "2026-04-29T09:11:30.909Z",
    "updated_at": "2026-04-29T09:11:30.909Z"
  }
},
{
  "model": "cart.cartitem",
  "pk": 184,
  "fields": {
    "cart": 10,
    "variant": 26,
    "quantity": 2,
    "created_at": "2026-04-29T09:19:17.389Z",
    "updated_at": "2026-04-29T09:19:17.389Z"
  }
},
{
  "model": "order.order",
  "pk": 4,
  "fields": {
    "user": 76,
    "order_number": "ORD0QYMHS0UFG",
    "address": 9,
    "subtotal": "1087.00",
    "delivery_charge": "0.00",
    "discount_amount": "0.00",
    "total_amount": "1087.00",
    "order_status": "DELIVERED",
    "created_at": "2026-04-06T06:26:38.889Z",
    "updated_at": "2026-04-08T21:17:30.552Z",
    "delivered_date": "2026-04-08T21:17:23.376Z"
  }
},
{
  "model": "order.order",
  "pk": 5,
  "fields": {
    "user": 76,
    "order_number": "ORDMFR8OIHOYJ",
    "address": 9,
    "subtotal": "1774.00",
    "delivery_charge": "0.00",
    "discount_amount": "0.00",
    "total_amount": "1774.00",
    "order_status": "CANCELLED",
    "created_at": "2026-04-06T07:39:10.289Z",
    "updated_at": "2026-04-07T11:34:27.853Z",
    "delivered_date": null
  }
},
{
  "model": "order.order",
  "pk": 6,
  "fields": {
    "user": 76,
    "order_number": "ORDS7B47YLEUU",
    "address": 9,
    "subtotal": "199.00",
    "delivery_charge": "0.00",
    "discount_amount": "0.00",
    "total_amount": "199.00",
    "order_status": "DELIVERED",
    "created_at": "2026-04-06T07:52:52.128Z",
    "updated_at": "2026-04-08T21:26:09.150Z",
    "delivered_date": "2026-04-08T21:26:05.161Z"
  }
},
{
  "model": "order.order",
  "pk": 7,
  "fields": {
    "user": 76,
    "order_number": "ORD1VTMPQQRKU",
    "address": 9,
    "subtotal": "1596.00",
    "delivery_charge": "0.00",
    "discount_amount": "0.00",
    "total_amount": "1596.00",
    "order_status": "DELIVERED",
    "created_at": "2026-04-06T07:58:30.453Z",
    "updated_at": "2026-04-08T15:35:08.118Z",
    "delivered_date": "2026-04-08T15:35:04.188Z"
  }
},
{
  "model": "order.order",
  "pk": 8,
  "fields": {
    "user": 76,
    "order_number": "ORD-TZGX7Y5JFX",
    "address": 9,
    "subtotal": "798.00",
    "delivery_charge": "100.00",
    "discount_amount": "0.00",
    "total_amount": "898.00",
    "order_status": "DELIVERED",
    "created_at": "2026-04-06T08:22:39.508Z",
    "updated_at": "2026-04-08T06:28:30.654Z",
    "delivered_date": "2026-04-08T06:28:30.653Z"
  }
},
{
  "model": "order.order",
  "pk": 9,
  "fields": {
    "user": 76,
    "order_number": "ORD-83YEAVQBOH",
    "address": 9,
    "subtotal": "399.00",
    "delivery_charge": "100.00",
    "discount_amount": "0.00",
    "total_amount": "499.00",
    "order_status": "CANCELLED",
    "created_at": "2026-04-06T09:04:37.945Z",
    "updated_at": "2026-04-07T11:35:47.485Z",
    "delivered_date": null
  }
},
{
  "model": "order.order",
  "pk": 10,
  "fields": {
    "user": 76,
    "order_number": "ORD-YWWOQNB7ZA",
    "address": 9,
    "subtotal": "1198.00",
    "delivery_charge": "0.00",
    "discount_amount": "0.00",
    "total_amount": "1198.00",
    "order_status": "CANCELLED",
    "created_at": "2026-04-07T14:33:02.350Z",
    "updated_at": "2026-04-07T18:01:16.361Z",
    "delivered_date": null
  }
},
{
  "model": "order.order",
  "pk": 11,
  "fields": {
    "user": 76,
    "order_number": "ORD-WTNY4JPWIH",
    "address": null,
    "subtotal": "598.00",
    "delivery_charge": "0.00",
    "discount_amount": "0.00",
    "total_amount": "598.00",
    "order_status": "CANCELLED",
    "created_at": "2026-04-08T12:21:10.014Z",
    "updated_at": "2026-04-08T12:27:02.151Z",
    "delivered_date": null
  }
},
{
  "model": "order.order",
  "pk": 12,
  "fields": {
    "user": 76,
    "order_number": "ORD-KEDEPAFMVP",
    "address": 9,
    "subtotal": "1596.00",
    "delivery_charge": "0.00",
    "discount_amount": "0.00",
    "total_amount": "1596.00",
    "order_status": "DELIVERED",
    "created_at": "2026-04-08T21:20:06.631Z",
    "updated_at": "2026-04-08T21:20:56.360Z",
    "delivered_date": "2026-04-08T21:20:48.211Z"
  }
},
{
  "model": "order.order",
  "pk": 13,
  "fields": {
    "user": 76,
    "order_number": "ORD-M6RKKILCRI",
    "address": 11,
    "subtotal": "1054.00",
    "delivery_charge": "0.00",
    "discount_amount": "0.00",
    "total_amount": "1054.00",
    "order_status": "DELIVERED",
    "created_at": "2026-04-09T03:43:57.550Z",
    "updated_at": "2026-04-09T03:45:45.697Z",
    "delivered_date": "2026-04-09T03:45:42.063Z"
  }
},
{
  "model": "order.order",
  "pk": 14,
  "fields": {
    "user": 76,
    "order_number": "ORD-DNBU8IRU0B",
    "address": 11,
    "subtotal": "1948.00",
    "delivery_charge": "0.00",
    "discount_amount": "0.00",
    "total_amount": "1948.00",
    "order_status": "DELIVERED",
    "created_at": "2026-04-09T18:58:52.743Z",
    "updated_at": "2026-04-09T20:04:54.065Z",
    "delivered_date": "2026-04-09T20:04:49.005Z"
  }
},
{
  "model": "order.order",
  "pk": 15,
  "fields": {
    "user": 76,
    "order_number": "ORD-BQXSL94OT7",
    "address": 11,
    "subtotal": "2240.00",
    "delivery_charge": "0.00",
    "discount_amount": "0.00",
    "total_amount": "2240.00",
    "order_status": "DELIVERED",
    "created_at": "2026-04-09T19:03:03.361Z",
    "updated_at": "2026-04-09T20:19:58.840Z",
    "delivered_date": "2026-04-09T20:19:53.787Z"
  }
},
{
  "model": "order.order",
  "pk": 16,
  "fields": {
    "user": 76,
    "order_number": "ORD-N3YP5UCCOR",
    "address": 11,
    "subtotal": "744.00",
    "delivery_charge": "100.00",
    "discount_amount": "0.00",
    "total_amount": "844.00",
    "order_status": "DELIVERED",
    "created_at": "2026-04-09T19:06:40.111Z",
    "updated_at": "2026-04-09T20:00:03.353Z",
    "delivered_date": "2026-04-09T19:59:48.468Z"
  }
},
{
  "model": "order.order",
  "pk": 17,
  "fields": {
    "user": 76,
    "order_number": "ORD-5WXZC47EP1",
    "address": 11,
    "subtotal": "276.00",
    "delivery_charge": "100.00",
    "discount_amount": "0.00",
    "total_amount": "376.00",
    "order_status": "CANCELLED",
    "created_at": "2026-04-09T19:14:18.823Z",
    "updated_at": "2026-04-09T19:34:05.227Z",
    "delivered_date": null
  }
},
{
  "model": "order.order",
  "pk": 48,
  "fields": {
    "user": 76,
    "order_number": "ORD-A4HX6JWUFX",
    "address": 11,
    "subtotal": "450.00",
    "delivery_charge": "100.00",
    "discount_amount": "0.00",
    "total_amount": "550.00",
    "order_status": "CONFIRMED",
    "created_at": "2026-04-20T06:20:31.472Z",
    "updated_at": "2026-04-20T06:20:31.483Z",
    "delivered_date": null
  }
},
{
  "model": "order.order",
  "pk": 49,
  "fields": {
    "user": 76,
    "order_number": "ORD-RZCBEK37RN",
    "address": 11,
    "subtotal": "910.00",
    "delivery_charge": "100.00",
    "discount_amount": "182.00",
    "total_amount": "828.00",
    "order_status": "CONFIRMED",
    "created_at": "2026-04-20T06:44:48.093Z",
    "updated_at": "2026-04-20T06:49:30.466Z",
    "delivered_date": null
  }
},
{
  "model": "order.order",
  "pk": 50,
  "fields": {
    "user": 76,
    "order_number": "ORD-VG3VVG4UH4",
    "address": 11,
    "subtotal": "598.00",
    "delivery_charge": "100.00",
    "discount_amount": "0.00",
    "total_amount": "698.00",
    "order_status": "CONFIRMED",
    "created_at": "2026-04-20T06:56:04.802Z",
    "updated_at": "2026-04-20T06:56:04.820Z",
    "delivered_date": null
  }
},
{
  "model": "order.order",
  "pk": 51,
  "fields": {
    "user": 76,
    "order_number": "ORD-ECLWP37EV1",
    "address": 11,
    "subtotal": "897.00",
    "delivery_charge": "100.00",
    "discount_amount": "0.00",
    "total_amount": "997.00",
    "order_status": "PENDING",
    "created_at": "2026-04-20T07:12:05.186Z",
    "updated_at": "2026-04-20T07:12:05.186Z",
    "delivered_date": null
  }
},
{
  "model": "order.order",
  "pk": 52,
  "fields": {
    "user": 76,
    "order_number": "ORD-ZCERNYHPVY",
    "address": 11,
    "subtotal": "1104.00",
    "delivery_charge": "0.00",
    "discount_amount": "400.00",
    "total_amount": "704.00",
    "order_status": "CONFIRMED",
    "created_at": "2026-04-20T07:14:25.930Z",
    "updated_at": "2026-04-20T07:14:38.934Z",
    "delivered_date": null
  }
},
{
  "model": "order.order",
  "pk": 53,
  "fields": {
    "user": 76,
    "order_number": "ORD-HA1D8ZHPYR",
    "address": 11,
    "subtotal": "552.00",
    "delivery_charge": "100.00",
    "discount_amount": "0.00",
    "total_amount": "652.00",
    "order_status": "CANCELLED",
    "created_at": "2026-04-20T10:14:27.459Z",
    "updated_at": "2026-04-20T10:19:27.571Z",
    "delivered_date": null
  }
},
{
  "model": "order.order",
  "pk": 54,
  "fields": {
    "user": 76,
    "order_number": "ORD-QNNE4MHXHX",
    "address": 11,
    "subtotal": "900.00",
    "delivery_charge": "100.00",
    "discount_amount": "0.00",
    "total_amount": "1000.00",
    "order_status": "CONFIRMED",
    "created_at": "2026-04-20T10:20:24.337Z",
    "updated_at": "2026-04-20T10:21:01.324Z",
    "delivered_date": null
  }
},
{
  "model": "order.order",
  "pk": 55,
  "fields": {
    "user": 76,
    "order_number": "ORD-IKMHYOB8YJ",
    "address": 11,
    "subtotal": "598.00",
    "delivery_charge": "100.00",
    "discount_amount": "0.00",
    "total_amount": "698.00",
    "order_status": "CANCELLED",
    "created_at": "2026-04-20T10:25:16.262Z",
    "updated_at": "2026-04-20T10:30:16.829Z",
    "delivered_date": null
  }
},
{
  "model": "order.order",
  "pk": 56,
  "fields": {
    "user": 76,
    "order_number": "ORD-4F1TMSAMZG",
    "address": 11,
    "subtotal": "698.00",
    "delivery_charge": "100.00",
    "discount_amount": "0.00",
    "total_amount": "798.00",
    "order_status": "CANCELLED",
    "created_at": "2026-04-20T10:39:32.337Z",
    "updated_at": "2026-04-20T10:44:33.083Z",
    "delivered_date": null
  }
},
{
  "model": "order.order",
  "pk": 57,
  "fields": {
    "user": 76,
    "order_number": "ORD-0OBWE396PY",
    "address": 11,
    "subtotal": "1780.00",
    "delivery_charge": "0.00",
    "discount_amount": "0.00",
    "total_amount": "1780.00",
    "order_status": "CANCELLED",
    "created_at": "2026-04-20T10:45:28.606Z",
    "updated_at": "2026-04-20T10:50:29.020Z",
    "delivered_date": null
  }
},
{
  "model": "order.order",
  "pk": 58,
  "fields": {
    "user": 76,
    "order_number": "ORD-N3RVPOR0D8",
    "address": 11,
    "subtotal": "1335.00",
    "delivery_charge": "0.00",
    "discount_amount": "0.00",
    "total_amount": "1335.00",
    "order_status": "CANCELLED",
    "created_at": "2026-04-20T11:01:36.625Z",
    "updated_at": "2026-04-20T11:01:36.625Z",
    "delivered_date": null
  }
},
{
  "model": "order.order",
  "pk": 59,
  "fields": {
    "user": 76,
    "order_number": "ORD-3HHRFA2XVU",
    "address": 11,
    "subtotal": "890.00",
    "delivery_charge": "100.00",
    "discount_amount": "0.00",
    "total_amount": "990.00",
    "order_status": "PENDING",
    "created_at": "2026-04-20T11:20:01.542Z",
    "updated_at": "2026-04-20T11:20:01.542Z",
    "delivered_date": null
  }
},
{
  "model": "order.order",
  "pk": 60,
  "fields": {
    "user": 76,
    "order_number": "ORD-XL0ENG4DMX",
    "address": 11,
    "subtotal": "598.00",
    "delivery_charge": "100.00",
    "discount_amount": "0.00",
    "total_amount": "698.00",
    "order_status": "CANCELLED",
    "created_at": "2026-04-20T11:36:28.159Z",
    "updated_at": "2026-04-20T11:41:29.635Z",
    "delivered_date": null
  }
},
{
  "model": "order.order",
  "pk": 61,
  "fields": {
    "user": 76,
    "order_number": "ORD-6C5AJAL6Z2",
    "address": 11,
    "subtotal": "828.00",
    "delivery_charge": "100.00",
    "discount_amount": "0.00",
    "total_amount": "928.00",
    "order_status": "CANCELLED",
    "created_at": "2026-04-20T12:04:17.387Z",
    "updated_at": "2026-04-20T12:09:30.956Z",
    "delivered_date": null
  }
},
{
  "model": "order.order",
  "pk": 62,
  "fields": {
    "user": 76,
    "order_number": "ORD-O3OVY2IP6I",
    "address": 11,
    "subtotal": "598.00",
    "delivery_charge": "100.00",
    "discount_amount": "0.00",
    "total_amount": "698.00",
    "order_status": "CANCELLED",
    "created_at": "2026-04-20T12:10:42.335Z",
    "updated_at": "2026-04-20T12:21:14.999Z",
    "delivered_date": null
  }
},
{
  "model": "order.order",
  "pk": 63,
  "fields": {
    "user": 76,
    "order_number": "ORD-E9C5SP5DVQ",
    "address": 11,
    "subtotal": "598.00",
    "delivery_charge": "100.00",
    "discount_amount": "0.00",
    "total_amount": "698.00",
    "order_status": "CANCELLED",
    "created_at": "2026-04-20T12:22:41.162Z",
    "updated_at": "2026-04-20T12:40:42.407Z",
    "delivered_date": null
  }
},
{
  "model": "order.order",
  "pk": 64,
  "fields": {
    "user": 76,
    "order_number": "ORD-E3ATHNKXE1",
    "address": 11,
    "subtotal": "2097.00",
    "delivery_charge": "0.00",
    "discount_amount": "0.00",
    "total_amount": "2097.00",
    "order_status": "PENDING",
    "created_at": "2026-04-20T12:40:57.852Z",
    "updated_at": "2026-04-20T12:40:57.852Z",
    "delivered_date": null
  }
},
{
  "model": "order.order",
  "pk": 65,
  "fields": {
    "user": 76,
    "order_number": "ORD-PUGZKQKDAH",
    "address": 11,
    "subtotal": "977.00",
    "delivery_charge": "100.00",
    "discount_amount": "0.00",
    "total_amount": "1077.00",
    "order_status": "PENDING",
    "created_at": "2026-04-20T12:42:40.823Z",
    "updated_at": "2026-04-20T12:42:40.823Z",
    "delivered_date": null
  }
},
{
  "model": "order.order",
  "pk": 66,
  "fields": {
    "user": 76,
    "order_number": "ORD-9U2Q8C12O1",
    "address": 11,
    "subtotal": "1198.00",
    "delivery_charge": "0.00",
    "discount_amount": "0.00",
    "total_amount": "1198.00",
    "order_status": "CANCELLED",
    "created_at": "2026-04-20T12:44:45.256Z",
    "updated_at": "2026-04-20T12:54:33.343Z",
    "delivered_date": null
  }
},
{
  "model": "order.order",
  "pk": 67,
  "fields": {
    "user": 76,
    "order_number": "ORD-DKRQZMWZKR",
    "address": 11,
    "subtotal": "890.00",
    "delivery_charge": "100.00",
    "discount_amount": "0.00",
    "total_amount": "990.00",
    "order_status": "CANCELLED",
    "created_at": "2026-04-20T12:54:47.402Z",
    "updated_at": "2026-04-20T13:06:48.359Z",
    "delivered_date": null
  }
},
{
  "model": "order.order",
  "pk": 68,
  "fields": {
    "user": 76,
    "order_number": "ORD-DIWHBZYXV2",
    "address": 11,
    "subtotal": "1398.00",
    "delivery_charge": "0.00",
    "discount_amount": "0.00",
    "total_amount": "1398.00",
    "order_status": "PENDING",
    "created_at": "2026-04-20T13:07:02.745Z",
    "updated_at": "2026-04-20T13:07:02.745Z",
    "delivered_date": null
  }
},
{
  "model": "order.order",
  "pk": 69,
  "fields": {
    "user": 76,
    "order_number": "ORD-PXPQ2ULEZB",
    "address": 11,
    "subtotal": "598.00",
    "delivery_charge": "100.00",
    "discount_amount": "0.00",
    "total_amount": "698.00",
    "order_status": "CANCELLED",
    "created_at": "2026-04-20T13:19:34.365Z",
    "updated_at": "2026-04-20T13:24:52.353Z",
    "delivered_date": null
  }
},
{
  "model": "order.order",
  "pk": 70,
  "fields": {
    "user": 76,
    "order_number": "ORD-ZLCTRZFGPR",
    "address": 11,
    "subtotal": "598.00",
    "delivery_charge": "100.00",
    "discount_amount": "0.00",
    "total_amount": "698.00",
    "order_status": "CANCELLED",
    "created_at": "2026-04-20T13:25:13.076Z",
    "updated_at": "2026-04-20T13:36:52.021Z",
    "delivered_date": null
  }
},
{
  "model": "order.order",
  "pk": 71,
  "fields": {
    "user": 76,
    "order_number": "ORD-67LOHY2HU1",
    "address": 11,
    "subtotal": "798.00",
    "delivery_charge": "100.00",
    "discount_amount": "0.00",
    "total_amount": "898.00",
    "order_status": "CANCELLED",
    "created_at": "2026-04-20T13:38:22.093Z",
    "updated_at": "2026-04-20T14:04:32.810Z",
    "delivered_date": null
  }
},
{
  "model": "order.order",
  "pk": 72,
  "fields": {
    "user": 76,
    "order_number": "ORD-T6DA1MUH1F",
    "address": 11,
    "subtotal": "890.00",
    "delivery_charge": "100.00",
    "discount_amount": "0.00",
    "total_amount": "990.00",
    "order_status": "CONFIRMED",
    "created_at": "2026-04-20T14:05:12.184Z",
    "updated_at": "2026-04-20T14:05:54.813Z",
    "delivered_date": null
  }
},
{
  "model": "order.order",
  "pk": 73,
  "fields": {
    "user": 76,
    "order_number": "ORD-FE2QZQPFLQ",
    "address": 11,
    "subtotal": "799.00",
    "delivery_charge": "100.00",
    "discount_amount": "0.00",
    "total_amount": "899.00",
    "order_status": "CONFIRMED",
    "created_at": "2026-04-20T14:06:47.329Z",
    "updated_at": "2026-04-20T14:07:50.717Z",
    "delivered_date": null
  }
},
{
  "model": "order.order",
  "pk": 74,
  "fields": {
    "user": 76,
    "order_number": "ORD-YNJ6SVZE2S",
    "address": 11,
    "subtotal": "1198.00",
    "delivery_charge": "0.00",
    "discount_amount": "0.00",
    "total_amount": "1198.00",
    "order_status": "CANCELLED",
    "created_at": "2026-04-20T14:59:30.701Z",
    "updated_at": "2026-04-20T15:04:31.191Z",
    "delivered_date": null
  }
},
{
  "model": "order.order",
  "pk": 75,
  "fields": {
    "user": 76,
    "order_number": "ORD-BOXADYGBZX",
    "address": 11,
    "subtotal": "890.00",
    "delivery_charge": "100.00",
    "discount_amount": "0.00",
    "total_amount": "990.00",
    "order_status": "CONFIRMED",
    "created_at": "2026-04-20T15:05:26.809Z",
    "updated_at": "2026-04-20T15:06:56.220Z",
    "delivered_date": null
  }
},
{
  "model": "order.order",
  "pk": 76,
  "fields": {
    "user": 76,
    "order_number": "ORD-DMBGU0ULAP",
    "address": 11,
    "subtotal": "598.00",
    "delivery_charge": "100.00",
    "discount_amount": "89.70",
    "total_amount": "608.30",
    "order_status": "PROCESSING",
    "created_at": "2026-04-20T15:23:15.012Z",
    "updated_at": "2026-04-20T15:26:41.832Z",
    "delivered_date": null
  }
},
{
  "model": "order.order",
  "pk": 77,
  "fields": {
    "user": 76,
    "order_number": "ORD-RSGTGE4M82",
    "address": 11,
    "subtotal": "1198.00",
    "delivery_charge": "0.00",
    "discount_amount": "0.00",
    "total_amount": "1198.00",
    "order_status": "CONFIRMED",
    "created_at": "2026-04-21T06:13:00.341Z",
    "updated_at": "2026-04-21T06:13:33.386Z",
    "delivered_date": null
  }
},
{
  "model": "order.order",
  "pk": 78,
  "fields": {
    "user": 76,
    "order_number": "ORD-VK6MKCJ2E1",
    "address": 11,
    "subtotal": "598.00",
    "delivery_charge": "100.00",
    "discount_amount": "0.00",
    "total_amount": "698.00",
    "order_status": "CANCELLED",
    "created_at": "2026-04-21T07:54:18.941Z",
    "updated_at": "2026-04-21T17:50:36.313Z",
    "delivered_date": null
  }
},
{
  "model": "order.order",
  "pk": 79,
  "fields": {
    "user": 76,
    "order_number": "ORD-R9MHYXUMYD",
    "address": 11,
    "subtotal": "276.00",
    "delivery_charge": "100.00",
    "discount_amount": "0.00",
    "total_amount": "376.00",
    "order_status": "CONFIRMED",
    "created_at": "2026-04-21T08:15:37.172Z",
    "updated_at": "2026-04-21T12:37:53.668Z",
    "delivered_date": null
  }
},
{
  "model": "order.order",
  "pk": 80,
  "fields": {
    "user": 76,
    "order_number": "ORD-RRNQJCQ7IH",
    "address": 11,
    "subtotal": "36.00",
    "delivery_charge": "100.00",
    "discount_amount": "0.00",
    "total_amount": "136.00",
    "order_status": "CANCELLED",
    "created_at": "2026-04-21T08:22:11.477Z",
    "updated_at": "2026-04-21T12:03:28.672Z",
    "delivered_date": null
  }
},
{
  "model": "order.order",
  "pk": 81,
  "fields": {
    "user": 76,
    "order_number": "ORD-7DWNPKFAGE",
    "address": 11,
    "subtotal": "798.00",
    "delivery_charge": "100.00",
    "discount_amount": "0.00",
    "total_amount": "898.00",
    "order_status": "DELIVERED",
    "created_at": "2026-04-21T08:24:12.813Z",
    "updated_at": "2026-04-21T15:31:01.988Z",
    "delivered_date": "2026-04-21T15:30:57.570Z"
  }
},
{
  "model": "order.order",
  "pk": 82,
  "fields": {
    "user": 76,
    "order_number": "ORD-BZ1RYQRVBN",
    "address": 11,
    "subtotal": "1197.00",
    "delivery_charge": "0.00",
    "discount_amount": "0.00",
    "total_amount": "1197.00",
    "order_status": "CONFIRMED",
    "created_at": "2026-04-21T08:28:33.196Z",
    "updated_at": "2026-04-21T08:28:33.214Z",
    "delivered_date": null
  }
},
{
  "model": "order.order",
  "pk": 83,
  "fields": {
    "user": 76,
    "order_number": "ORD-BYMTO1OE3A",
    "address": 11,
    "subtotal": "597.00",
    "delivery_charge": "100.00",
    "discount_amount": "0.00",
    "total_amount": "697.00",
    "order_status": "DELIVERED",
    "created_at": "2026-04-21T08:32:51.885Z",
    "updated_at": "2026-04-21T09:48:24.789Z",
    "delivered_date": "2026-04-21T09:48:17.361Z"
  }
},
{
  "model": "order.order",
  "pk": 84,
  "fields": {
    "user": 76,
    "order_number": "ORD-WWTN86WYEF",
    "address": 11,
    "subtotal": "1197.00",
    "delivery_charge": "0.00",
    "discount_amount": "0.00",
    "total_amount": "1197.00",
    "order_status": "CANCELLED",
    "created_at": "2026-04-21T08:37:10.359Z",
    "updated_at": "2026-04-21T11:59:49.927Z",
    "delivered_date": null
  }
},
{
  "model": "order.order",
  "pk": 85,
  "fields": {
    "user": 76,
    "order_number": "ORD-HNWQZQBI48",
    "address": null,
    "subtotal": "598.00",
    "delivery_charge": "100.00",
    "discount_amount": "0.00",
    "total_amount": "698.00",
    "order_status": "RETURNED",
    "created_at": "2026-04-21T10:26:52.863Z",
    "updated_at": "2026-04-23T09:34:18.551Z",
    "delivered_date": "2026-04-21T15:24:10.899Z"
  }
},
{
  "model": "order.order",
  "pk": 86,
  "fields": {
    "user": 76,
    "order_number": "ORD-GJJTDYZROE",
    "address": 11,
    "subtotal": "276.00",
    "delivery_charge": "100.00",
    "discount_amount": "0.00",
    "total_amount": "376.00",
    "order_status": "CANCELLED",
    "created_at": "2026-04-21T12:30:15.279Z",
    "updated_at": "2026-04-21T12:35:15.123Z",
    "delivered_date": null
  }
},
{
  "model": "order.order",
  "pk": 87,
  "fields": {
    "user": 76,
    "order_number": "ORD-ENQP3Y8OUB",
    "address": 11,
    "subtotal": "897.00",
    "delivery_charge": "100.00",
    "discount_amount": "100.00",
    "total_amount": "897.00",
    "order_status": "RETURNED",
    "created_at": "2026-04-21T13:16:05.134Z",
    "updated_at": "2026-04-21T18:09:28.762Z",
    "delivered_date": "2026-04-21T13:21:04.056Z"
  }
},
{
  "model": "order.order",
  "pk": 88,
  "fields": {
    "user": 76,
    "order_number": "ORD-RIF9L697W5",
    "address": 11,
    "subtotal": "311.00",
    "delivery_charge": "100.00",
    "discount_amount": "150.00",
    "total_amount": "261.00",
    "order_status": "RETURNED",
    "created_at": "2026-04-21T13:32:16.024Z",
    "updated_at": "2026-04-21T17:23:17.660Z",
    "delivered_date": "2026-04-21T13:34:04.559Z"
  }
},
{
  "model": "order.order",
  "pk": 89,
  "fields": {
    "user": 76,
    "order_number": "ORD-NKBBJNOSKM",
    "address": 11,
    "subtotal": "890.00",
    "delivery_charge": "100.00",
    "discount_amount": "0.00",
    "total_amount": "990.00",
    "order_status": "CANCELLED",
    "created_at": "2026-04-21T18:31:04.696Z",
    "updated_at": "2026-04-21T18:52:39.091Z",
    "delivered_date": null
  }
},
{
  "model": "order.order",
  "pk": 90,
  "fields": {
    "user": 76,
    "order_number": "ORD-5TOPBL1T7W",
    "address": 11,
    "subtotal": "552.00",
    "delivery_charge": "100.00",
    "discount_amount": "0.00",
    "total_amount": "652.00",
    "order_status": "CONFIRMED",
    "created_at": "2026-04-21T19:19:32.608Z",
    "updated_at": "2026-04-21T19:22:41.756Z",
    "delivered_date": null
  }
},
{
  "model": "order.order",
  "pk": 91,
  "fields": {
    "user": 76,
    "order_number": "ORD-0UY2UUQHEY",
    "address": 11,
    "subtotal": "890.00",
    "delivery_charge": "100.00",
    "discount_amount": "0.00",
    "total_amount": "990.00",
    "order_status": "CANCELLED",
    "created_at": "2026-04-21T20:03:47.593Z",
    "updated_at": "2026-04-21T20:08:48.440Z",
    "delivered_date": null
  }
},
{
  "model": "order.order",
  "pk": 92,
  "fields": {
    "user": 76,
    "order_number": "ORD-HQL3QDLZDR",
    "address": 11,
    "subtotal": "299.00",
    "delivery_charge": "100.00",
    "discount_amount": "0.00",
    "total_amount": "399.00",
    "order_status": "CONFIRMED",
    "created_at": "2026-04-21T20:11:12.941Z",
    "updated_at": "2026-04-21T20:12:17.578Z",
    "delivered_date": null
  }
},
{
  "model": "order.order",
  "pk": 93,
  "fields": {
    "user": 76,
    "order_number": "ORD-SWCWGDKTG2",
    "address": 11,
    "subtotal": "598.00",
    "delivery_charge": "100.00",
    "discount_amount": "0.00",
    "total_amount": "698.00",
    "order_status": "CONFIRMED",
    "created_at": "2026-04-21T20:17:18.829Z",
    "updated_at": "2026-04-21T20:18:58.162Z",
    "delivered_date": null
  }
},
{
  "model": "order.order",
  "pk": 94,
  "fields": {
    "user": 76,
    "order_number": "ORD-4SLCOHLPD1",
    "address": 11,
    "subtotal": "552.00",
    "delivery_charge": "100.00",
    "discount_amount": "0.00",
    "total_amount": "652.00",
    "order_status": "CONFIRMED",
    "created_at": "2026-04-21T20:20:13.773Z",
    "updated_at": "2026-04-21T20:20:49.488Z",
    "delivered_date": null
  }
},
{
  "model": "order.order",
  "pk": 95,
  "fields": {
    "user": 76,
    "order_number": "ORD-MBEUB3MAIU",
    "address": 11,
    "subtotal": "299.00",
    "delivery_charge": "100.00",
    "discount_amount": "0.00",
    "total_amount": "399.00",
    "order_status": "CANCELLED",
    "created_at": "2026-04-21T20:21:37.676Z",
    "updated_at": "2026-04-23T08:14:31.999Z",
    "delivered_date": null
  }
},
{
  "model": "order.order",
  "pk": 96,
  "fields": {
    "user": 76,
    "order_number": "ORD-XBBEGBWQLI",
    "address": 11,
    "subtotal": "552.00",
    "delivery_charge": "100.00",
    "discount_amount": "0.00",
    "total_amount": "652.00",
    "order_status": "PENDING",
    "created_at": "2026-04-21T20:33:05.110Z",
    "updated_at": "2026-04-21T20:33:05.110Z",
    "delivered_date": null
  }
},
{
  "model": "order.order",
  "pk": 97,
  "fields": {
    "user": 76,
    "order_number": "ORD-SPST5073EA",
    "address": 11,
    "subtotal": "900.00",
    "delivery_charge": "100.00",
    "discount_amount": "0.00",
    "total_amount": "1000.00",
    "order_status": "CANCELLED",
    "created_at": "2026-04-21T20:48:48.736Z",
    "updated_at": "2026-04-23T08:14:29.097Z",
    "delivered_date": null
  }
},
{
  "model": "order.order",
  "pk": 98,
  "fields": {
    "user": 76,
    "order_number": "ORD-GQFOHS21IE",
    "address": 11,
    "subtotal": "900.00",
    "delivery_charge": "100.00",
    "discount_amount": "0.00",
    "total_amount": "1000.00",
    "order_status": "DELIVERED",
    "created_at": "2026-04-21T21:00:27.719Z",
    "updated_at": "2026-04-23T04:48:45.782Z",
    "delivered_date": "2026-04-23T04:48:40.955Z"
  }
},
{
  "model": "order.order",
  "pk": 99,
  "fields": {
    "user": 76,
    "order_number": "ORD-LVXNCTWA27",
    "address": 11,
    "subtotal": "799.20",
    "delivery_charge": "100.00",
    "discount_amount": "150.00",
    "total_amount": "749.20",
    "order_status": "CANCELLED",
    "created_at": "2026-04-22T18:47:19.985Z",
    "updated_at": "2026-04-22T18:49:04.802Z",
    "delivered_date": null
  }
},
{
  "model": "order.order",
  "pk": 100,
  "fields": {
    "user": 76,
    "order_number": "ORD-OFF4OCCY5K",
    "address": 11,
    "subtotal": "1351.20",
    "delivery_charge": "0.00",
    "discount_amount": "135.12",
    "total_amount": "1216.08",
    "order_status": "DELIVERED",
    "created_at": "2026-04-23T04:20:17.135Z",
    "updated_at": "2026-04-23T04:22:42.503Z",
    "delivered_date": "2026-04-23T04:22:36.954Z"
  }
},
{
  "model": "order.order",
  "pk": 101,
  "fields": {
    "user": 76,
    "order_number": "ORD-WGT9X1PMXU",
    "address": 11,
    "subtotal": "2250.00",
    "delivery_charge": "0.00",
    "discount_amount": "0.00",
    "total_amount": "2250.00",
    "order_status": "DELIVERED",
    "created_at": "2026-04-23T08:00:58.581Z",
    "updated_at": "2026-04-23T08:03:23.758Z",
    "delivered_date": "2026-04-23T08:03:18.813Z"
  }
},
{
  "model": "order.order",
  "pk": 102,
  "fields": {
    "user": 88,
    "order_number": "ORD-Z6QXM2CBK4",
    "address": 13,
    "subtotal": "1013.06",
    "delivery_charge": "0.00",
    "discount_amount": "144.08",
    "total_amount": "1013.06",
    "order_status": "RETURNED",
    "created_at": "2026-04-24T06:56:49.518Z",
    "updated_at": "2026-04-24T07:03:19.314Z",
    "delivered_date": "2026-04-24T06:59:26.077Z"
  }
},
{
  "model": "order.order",
  "pk": 103,
  "fields": {
    "user": 88,
    "order_number": "ORD-P8Z9LI4ZA2",
    "address": 13,
    "subtotal": "890.00",
    "delivery_charge": "100.00",
    "discount_amount": "0.00",
    "total_amount": "990.00",
    "order_status": "RETURNED",
    "created_at": "2026-04-24T07:04:47.425Z",
    "updated_at": "2026-04-24T07:07:07.773Z",
    "delivered_date": "2026-04-24T07:06:02.770Z"
  }
},
{
  "model": "order.order",
  "pk": 105,
  "fields": {
    "user": 76,
    "order_number": "ORD-IN2AKHKKAP",
    "address": 11,
    "subtotal": "1626.06",
    "delivery_charge": "0.00",
    "discount_amount": "0.00",
    "total_amount": "1626.06",
    "order_status": "PARTIALLY_RETURNED",
    "created_at": "2026-04-24T07:24:37.243Z",
    "updated_at": "2026-04-24T07:26:24.549Z",
    "delivered_date": "2026-04-24T07:25:17.394Z"
  }
},
{
  "model": "order.order",
  "pk": 106,
  "fields": {
    "user": 76,
    "order_number": "ORD-3BHWXYKRJG",
    "address": 11,
    "subtotal": "1443.00",
    "delivery_charge": "0.00",
    "discount_amount": "0.00",
    "total_amount": "1443.00",
    "order_status": "CONFIRMED",
    "created_at": "2026-04-25T04:06:38.706Z",
    "updated_at": "2026-04-25T04:07:13.328Z",
    "delivered_date": null
  }
},
{
  "model": "order.order",
  "pk": 107,
  "fields": {
    "user": 76,
    "order_number": "ORD-I9SQVFMLMY",
    "address": 11,
    "subtotal": "2094.00",
    "delivery_charge": "0.00",
    "discount_amount": "200.00",
    "total_amount": "1894.00",
    "order_status": "CANCELLED",
    "created_at": "2026-04-25T04:08:18.844Z",
    "updated_at": "2026-04-25T04:09:30.348Z",
    "delivered_date": null
  }
},
{
  "model": "order.order",
  "pk": 108,
  "fields": {
    "user": 76,
    "order_number": "ORD-KVSCDEII5F",
    "address": 11,
    "subtotal": "755.76",
    "delivery_charge": "100.00",
    "discount_amount": "0.00",
    "total_amount": "855.76",
    "order_status": "CONFIRMED",
    "created_at": "2026-04-25T06:21:06.266Z",
    "updated_at": "2026-04-25T06:21:06.292Z",
    "delivered_date": null
  }
},
{
  "model": "order.order",
  "pk": 109,
  "fields": {
    "user": 76,
    "order_number": "ORD-9IRA47NIJ4",
    "address": 11,
    "subtotal": "2958.76",
    "delivery_charge": "0.00",
    "discount_amount": "0.00",
    "total_amount": "2958.76",
    "order_status": "DELIVERED",
    "created_at": "2026-04-27T11:40:10.542Z",
    "updated_at": "2026-04-27T12:26:52.791Z",
    "delivered_date": "2026-04-27T12:26:52.645Z"
  }
},
{
  "model": "order.order",
  "pk": 110,
  "fields": {
    "user": 76,
    "order_number": "ORD-OYWPEO0AVE",
    "address": 11,
    "subtotal": "3196.00",
    "delivery_charge": "0.00",
    "discount_amount": "0.00",
    "total_amount": "3196.00",
    "order_status": "PROCESSING",
    "created_at": "2026-04-27T19:06:55.300Z",
    "updated_at": "2026-04-29T06:42:11.610Z",
    "delivered_date": null
  }
},
{
  "model": "order.order",
  "pk": 111,
  "fields": {
    "user": 113,
    "order_number": "ORD-DXOKTX8QMP",
    "address": 15,
    "subtotal": "1318.00",
    "delivery_charge": "0.00",
    "discount_amount": "400.00",
    "total_amount": "918.00",
    "order_status": "PENDING",
    "created_at": "2026-04-30T09:44:43.455Z",
    "updated_at": "2026-04-30T09:44:43.455Z",
    "delivered_date": null
  }
},
{
  "model": "order.order",
  "pk": 112,
  "fields": {
    "user": 113,
    "order_number": "ORD-307KE1SSDH",
    "address": 15,
    "subtotal": "1318.00",
    "delivery_charge": "0.00",
    "discount_amount": "400.00",
    "total_amount": "918.00",
    "order_status": "CONFIRMED",
    "created_at": "2026-04-30T09:47:19.646Z",
    "updated_at": "2026-04-30T09:47:19.668Z",
    "delivered_date": null
  }
},
{
  "model": "order.order",
  "pk": 113,
  "fields": {
    "user": 76,
    "order_number": "ORD-7VZDYMNAEB",
    "address": 11,
    "subtotal": "7392.00",
    "delivery_charge": "0.00",
    "discount_amount": "0.00",
    "total_amount": "7392.00",
    "order_status": "CONFIRMED",
    "created_at": "2026-04-30T10:43:28.923Z",
    "updated_at": "2026-04-30T10:43:29.081Z",
    "delivered_date": null
  }
},
{
  "model": "order.order",
  "pk": 114,
  "fields": {
    "user": 76,
    "order_number": "ORD-E04ZNU5LX9",
    "address": 11,
    "subtotal": "896.00",
    "delivery_charge": "100.00",
    "discount_amount": "0.00",
    "total_amount": "996.00",
    "order_status": "DELIVERED",
    "created_at": "2026-05-02T09:24:01.482Z",
    "updated_at": "2026-05-02T09:24:44.537Z",
    "delivered_date": "2026-05-02T09:24:39.741Z"
  }
},
{
  "model": "order.order",
  "pk": 115,
  "fields": {
    "user": 76,
    "order_number": "ORD-0DMHDPTUNI",
    "address": 16,
    "subtotal": "890.00",
    "delivery_charge": "100.00",
    "discount_amount": "0.00",
    "total_amount": "990.00",
    "order_status": "CONFIRMED",
    "created_at": "2026-05-02T19:20:57.472Z",
    "updated_at": "2026-05-02T19:20:57.572Z",
    "delivered_date": null
  }
},
{
  "model": "order.orderitem",
  "pk": 4,
  "fields": {
    "order": 4,
    "variant": 2,
    "price_at_time": "399.00",
    "quantity": 2,
    "item_status": "DELIVERED",
    "cancel_reason": null
  }
},
{
  "model": "order.orderitem",
  "pk": 5,
  "fields": {
    "order": 4,
    "variant": 15,
    "price_at_time": "289.00",
    "quantity": 1,
    "item_status": "DELIVERED",
    "cancel_reason": null
  }
},
{
  "model": "order.orderitem",
  "pk": 6,
  "fields": {
    "order": 5,
    "variant": 15,
    "price_at_time": "289.00",
    "quantity": 2,
    "item_status": "CANCELLED",
    "cancel_reason": "Delivery is too slow"
  }
},
{
  "model": "order.orderitem",
  "pk": 7,
  "fields": {
    "order": 5,
    "variant": 11,
    "price_at_time": "299.00",
    "quantity": 4,
    "item_status": "CANCELLED",
    "cancel_reason": "Delivery is too slow"
  }
},
{
  "model": "order.orderitem",
  "pk": 8,
  "fields": {
    "order": 6,
    "variant": 1,
    "price_at_time": "199.00",
    "quantity": 1,
    "item_status": "DELIVERED",
    "cancel_reason": null
  }
},
{
  "model": "order.orderitem",
  "pk": 9,
  "fields": {
    "order": 6,
    "variant": 10,
    "price_at_time": "199.00",
    "quantity": 1,
    "item_status": "CANCELLED",
    "cancel_reason": "Found a better price"
  }
},
{
  "model": "order.orderitem",
  "pk": 10,
  "fields": {
    "order": 7,
    "variant": 12,
    "price_at_time": "399.00",
    "quantity": 1,
    "item_status": "DELIVERED",
    "cancel_reason": null
  }
},
{
  "model": "order.orderitem",
  "pk": 11,
  "fields": {
    "order": 7,
    "variant": 14,
    "price_at_time": "399.00",
    "quantity": 3,
    "item_status": "DELIVERED",
    "cancel_reason": null
  }
},
{
  "model": "order.orderitem",
  "pk": 12,
  "fields": {
    "order": 8,
    "variant": 2,
    "price_at_time": "399.00",
    "quantity": 2,
    "item_status": "DELIVERED",
    "cancel_reason": null
  }
},
{
  "model": "order.orderitem",
  "pk": 13,
  "fields": {
    "order": 9,
    "variant": 2,
    "price_at_time": "399.00",
    "quantity": 1,
    "item_status": "CANCELLED",
    "cancel_reason": "Delivery is too slow"
  }
},
{
  "model": "order.orderitem",
  "pk": 14,
  "fields": {
    "order": 6,
    "variant": 10,
    "price_at_time": "199.00",
    "quantity": 1,
    "item_status": "CANCELLED",
    "cancel_reason": "Ordered by mistake"
  }
},
{
  "model": "order.orderitem",
  "pk": 15,
  "fields": {
    "order": 6,
    "variant": 10,
    "price_at_time": "199.00",
    "quantity": 1,
    "item_status": "CANCELLED",
    "cancel_reason": "Ordered by mistake"
  }
},
{
  "model": "order.orderitem",
  "pk": 16,
  "fields": {
    "order": 6,
    "variant": 1,
    "price_at_time": "199.00",
    "quantity": 1,
    "item_status": "CANCELLED",
    "cancel_reason": "Ordered by mistake"
  }
},
{
  "model": "order.orderitem",
  "pk": 17,
  "fields": {
    "order": 6,
    "variant": 1,
    "price_at_time": "199.00",
    "quantity": 1,
    "item_status": "CANCELLED",
    "cancel_reason": "Ordered by mistake"
  }
},
{
  "model": "order.orderitem",
  "pk": 18,
  "fields": {
    "order": 4,
    "variant": 15,
    "price_at_time": "289.00",
    "quantity": 1,
    "item_status": "CANCELLED",
    "cancel_reason": "Ordered by mistake"
  }
},
{
  "model": "order.orderitem",
  "pk": 20,
  "fields": {
    "order": 10,
    "variant": 11,
    "price_at_time": "299.00",
    "quantity": 1,
    "item_status": "CANCELLED",
    "cancel_reason": "Found a better price"
  }
},
{
  "model": "order.orderitem",
  "pk": 23,
  "fields": {
    "order": 11,
    "variant": 11,
    "price_at_time": "299.00",
    "quantity": 2,
    "item_status": "CANCELLED",
    "cancel_reason": "Delivery is too slow"
  }
},
{
  "model": "order.orderitem",
  "pk": 24,
  "fields": {
    "order": 11,
    "variant": 15,
    "price_at_time": "289.00",
    "quantity": 3,
    "item_status": "CANCELLED",
    "cancel_reason": "Changed my mind"
  }
},
{
  "model": "order.orderitem",
  "pk": 25,
  "fields": {
    "order": 12,
    "variant": 2,
    "price_at_time": "399.00",
    "quantity": 4,
    "item_status": "DELIVERED",
    "cancel_reason": null
  }
},
{
  "model": "order.orderitem",
  "pk": 26,
  "fields": {
    "order": 13,
    "variant": 21,
    "price_at_time": "299.00",
    "quantity": 1,
    "item_status": "CANCELLED",
    "cancel_reason": "Changed my mind"
  }
},
{
  "model": "order.orderitem",
  "pk": 27,
  "fields": {
    "order": 13,
    "variant": 24,
    "price_at_time": "455.00",
    "quantity": 1,
    "item_status": "DELIVERED",
    "cancel_reason": null
  }
},
{
  "model": "order.orderitem",
  "pk": 28,
  "fields": {
    "order": 13,
    "variant": 25,
    "price_at_time": "599.00",
    "quantity": 1,
    "item_status": "DELIVERED",
    "cancel_reason": null
  }
},
{
  "model": "order.orderitem",
  "pk": 29,
  "fields": {
    "order": 14,
    "variant": 28,
    "price_at_time": "450.00",
    "quantity": 3,
    "item_status": "DELIVERED",
    "cancel_reason": null
  }
},
{
  "model": "order.orderitem",
  "pk": 30,
  "fields": {
    "order": 14,
    "variant": 21,
    "price_at_time": "299.00",
    "quantity": 2,
    "item_status": "DELIVERED",
    "cancel_reason": null
  }
},
{
  "model": "order.orderitem",
  "pk": 31,
  "fields": {
    "order": 15,
    "variant": 26,
    "price_at_time": "445.00",
    "quantity": 2,
    "item_status": "DELIVERED",
    "cancel_reason": null
  }
},
{
  "model": "order.orderitem",
  "pk": 32,
  "fields": {
    "order": 15,
    "variant": 28,
    "price_at_time": "450.00",
    "quantity": 3,
    "item_status": "DELIVERED",
    "cancel_reason": null
  }
},
{
  "model": "order.orderitem",
  "pk": 33,
  "fields": {
    "order": 16,
    "variant": 15,
    "price_at_time": "289.00",
    "quantity": 1,
    "item_status": "DELIVERED",
    "cancel_reason": null
  }
},
{
  "model": "order.orderitem",
  "pk": 34,
  "fields": {
    "order": 16,
    "variant": 24,
    "price_at_time": "455.00",
    "quantity": 1,
    "item_status": "DELIVERED",
    "cancel_reason": null
  }
},
{
  "model": "order.orderitem",
  "pk": 35,
  "fields": {
    "order": 17,
    "variant": 22,
    "price_at_time": "276.00",
    "quantity": 1,
    "item_status": "CANCELLED",
    "cancel_reason": "Delivery is too slow"
  }
},
{
  "model": "order.orderitem",
  "pk": 69,
  "fields": {
    "order": 48,
    "variant": 28,
    "price_at_time": "450.00",
    "quantity": 1,
    "item_status": "PENDING",
    "cancel_reason": null
  }
},
{
  "model": "order.orderitem",
  "pk": 70,
  "fields": {
    "order": 49,
    "variant": 24,
    "price_at_time": "455.00",
    "quantity": 2,
    "item_status": "PENDING",
    "cancel_reason": null
  }
},
{
  "model": "order.orderitem",
  "pk": 71,
  "fields": {
    "order": 50,
    "variant": 21,
    "price_at_time": "299.00",
    "quantity": 2,
    "item_status": "PENDING",
    "cancel_reason": null
  }
},
{
  "model": "order.orderitem",
  "pk": 72,
  "fields": {
    "order": 51,
    "variant": 21,
    "price_at_time": "299.00",
    "quantity": 3,
    "item_status": "PENDING",
    "cancel_reason": null
  }
},
{
  "model": "order.orderitem",
  "pk": 73,
  "fields": {
    "order": 52,
    "variant": 22,
    "price_at_time": "276.00",
    "quantity": 4,
    "item_status": "PENDING",
    "cancel_reason": null
  }
},
{
  "model": "order.orderitem",
  "pk": 74,
  "fields": {
    "order": 53,
    "variant": 22,
    "price_at_time": "276.00",
    "quantity": 2,
    "item_status": "PENDING",
    "cancel_reason": null
  }
},
{
  "model": "order.orderitem",
  "pk": 75,
  "fields": {
    "order": 54,
    "variant": 28,
    "price_at_time": "450.00",
    "quantity": 2,
    "item_status": "PENDING",
    "cancel_reason": null
  }
},
{
  "model": "order.orderitem",
  "pk": 76,
  "fields": {
    "order": 55,
    "variant": 21,
    "price_at_time": "299.00",
    "quantity": 2,
    "item_status": "PENDING",
    "cancel_reason": null
  }
},
{
  "model": "order.orderitem",
  "pk": 77,
  "fields": {
    "order": 56,
    "variant": 19,
    "price_at_time": "349.00",
    "quantity": 2,
    "item_status": "PENDING",
    "cancel_reason": null
  }
},
{
  "model": "order.orderitem",
  "pk": 78,
  "fields": {
    "order": 57,
    "variant": 26,
    "price_at_time": "445.00",
    "quantity": 4,
    "item_status": "PENDING",
    "cancel_reason": null
  }
},
{
  "model": "order.orderitem",
  "pk": 79,
  "fields": {
    "order": 58,
    "variant": 26,
    "price_at_time": "445.00",
    "quantity": 3,
    "item_status": "PENDING",
    "cancel_reason": null
  }
},
{
  "model": "order.orderitem",
  "pk": 80,
  "fields": {
    "order": 59,
    "variant": 26,
    "price_at_time": "445.00",
    "quantity": 2,
    "item_status": "PENDING",
    "cancel_reason": null
  }
},
{
  "model": "order.orderitem",
  "pk": 81,
  "fields": {
    "order": 60,
    "variant": 21,
    "price_at_time": "299.00",
    "quantity": 2,
    "item_status": "PENDING",
    "cancel_reason": null
  }
},
{
  "model": "order.orderitem",
  "pk": 82,
  "fields": {
    "order": 61,
    "variant": 22,
    "price_at_time": "276.00",
    "quantity": 3,
    "item_status": "PENDING",
    "cancel_reason": null
  }
},
{
  "model": "order.orderitem",
  "pk": 83,
  "fields": {
    "order": 62,
    "variant": 27,
    "price_at_time": "299.00",
    "quantity": 2,
    "item_status": "PENDING",
    "cancel_reason": null
  }
},
{
  "model": "order.orderitem",
  "pk": 84,
  "fields": {
    "order": 63,
    "variant": 21,
    "price_at_time": "299.00",
    "quantity": 2,
    "item_status": "PENDING",
    "cancel_reason": null
  }
},
{
  "model": "order.orderitem",
  "pk": 85,
  "fields": {
    "order": 64,
    "variant": 20,
    "price_at_time": "699.00",
    "quantity": 3,
    "item_status": "PENDING",
    "cancel_reason": null
  }
},
{
  "model": "order.orderitem",
  "pk": 86,
  "fields": {
    "order": 65,
    "variant": 14,
    "price_at_time": "399.00",
    "quantity": 1,
    "item_status": "PENDING",
    "cancel_reason": null
  }
},
{
  "model": "order.orderitem",
  "pk": 87,
  "fields": {
    "order": 65,
    "variant": 15,
    "price_at_time": "289.00",
    "quantity": 2,
    "item_status": "PENDING",
    "cancel_reason": null
  }
},
{
  "model": "order.orderitem",
  "pk": 88,
  "fields": {
    "order": 66,
    "variant": 25,
    "price_at_time": "599.00",
    "quantity": 2,
    "item_status": "PENDING",
    "cancel_reason": null
  }
},
{
  "model": "order.orderitem",
  "pk": 89,
  "fields": {
    "order": 67,
    "variant": 26,
    "price_at_time": "445.00",
    "quantity": 2,
    "item_status": "PENDING",
    "cancel_reason": null
  }
},
{
  "model": "order.orderitem",
  "pk": 90,
  "fields": {
    "order": 68,
    "variant": 20,
    "price_at_time": "699.00",
    "quantity": 2,
    "item_status": "PENDING",
    "cancel_reason": null
  }
},
{
  "model": "order.orderitem",
  "pk": 91,
  "fields": {
    "order": 69,
    "variant": 21,
    "price_at_time": "299.00",
    "quantity": 2,
    "item_status": "PENDING",
    "cancel_reason": null
  }
},
{
  "model": "order.orderitem",
  "pk": 92,
  "fields": {
    "order": 70,
    "variant": 21,
    "price_at_time": "299.00",
    "quantity": 2,
    "item_status": "PENDING",
    "cancel_reason": null
  }
},
{
  "model": "order.orderitem",
  "pk": 93,
  "fields": {
    "order": 71,
    "variant": 2,
    "price_at_time": "399.00",
    "quantity": 2,
    "item_status": "PENDING",
    "cancel_reason": null
  }
},
{
  "model": "order.orderitem",
  "pk": 94,
  "fields": {
    "order": 72,
    "variant": 26,
    "price_at_time": "445.00",
    "quantity": 2,
    "item_status": "PENDING",
    "cancel_reason": null
  }
},
{
  "model": "order.orderitem",
  "pk": 95,
  "fields": {
    "order": 73,
    "variant": 29,
    "price_at_time": "799.00",
    "quantity": 1,
    "item_status": "PENDING",
    "cancel_reason": null
  }
},
{
  "model": "order.orderitem",
  "pk": 96,
  "fields": {
    "order": 74,
    "variant": 25,
    "price_at_time": "599.00",
    "quantity": 2,
    "item_status": "PENDING",
    "cancel_reason": null
  }
},
{
  "model": "order.orderitem",
  "pk": 97,
  "fields": {
    "order": 75,
    "variant": 26,
    "price_at_time": "445.00",
    "quantity": 2,
    "item_status": "PENDING",
    "cancel_reason": null
  }
},
{
  "model": "order.orderitem",
  "pk": 98,
  "fields": {
    "order": 76,
    "variant": 11,
    "price_at_time": "299.00",
    "quantity": 2,
    "item_status": "PENDING",
    "cancel_reason": null
  }
},
{
  "model": "order.orderitem",
  "pk": 99,
  "fields": {
    "order": 77,
    "variant": 25,
    "price_at_time": "599.00",
    "quantity": 2,
    "item_status": "PENDING",
    "cancel_reason": null
  }
},
{
  "model": "order.orderitem",
  "pk": 100,
  "fields": {
    "order": 78,
    "variant": 21,
    "price_at_time": "299.00",
    "quantity": 2,
    "item_status": "CANCELLED",
    "cancel_reason": "Delivery is too slow"
  }
},
{
  "model": "order.orderitem",
  "pk": 101,
  "fields": {
    "order": 79,
    "variant": 22,
    "price_at_time": "276.00",
    "quantity": 1,
    "item_status": "PENDING",
    "cancel_reason": null
  }
},
{
  "model": "order.orderitem",
  "pk": 102,
  "fields": {
    "order": 80,
    "variant": 18,
    "price_at_time": "12.00",
    "quantity": 3,
    "item_status": "CANCELLED",
    "cancel_reason": "Wrong item selected"
  }
},
{
  "model": "order.orderitem",
  "pk": 103,
  "fields": {
    "order": 81,
    "variant": 12,
    "price_at_time": "399.00",
    "quantity": 2,
    "item_status": "RETURN_REQUESTED",
    "cancel_reason": null
  }
},
{
  "model": "order.orderitem",
  "pk": 104,
  "fields": {
    "order": 82,
    "variant": 12,
    "price_at_time": "399.00",
    "quantity": 3,
    "item_status": "PENDING",
    "cancel_reason": null
  }
},
{
  "model": "order.orderitem",
  "pk": 105,
  "fields": {
    "order": 83,
    "variant": 10,
    "price_at_time": "199.00",
    "quantity": 3,
    "item_status": "DELIVERED",
    "cancel_reason": null
  }
},
{
  "model": "order.orderitem",
  "pk": 106,
  "fields": {
    "order": 84,
    "variant": 12,
    "price_at_time": "399.00",
    "quantity": 3,
    "item_status": "CANCELLED",
    "cancel_reason": "Delivery is too slow"
  }
},
{
  "model": "order.orderitem",
  "pk": 107,
  "fields": {
    "order": 85,
    "variant": 11,
    "price_at_time": "299.00",
    "quantity": 2,
    "item_status": "RETURNED",
    "cancel_reason": null
  }
},
{
  "model": "order.orderitem",
  "pk": 108,
  "fields": {
    "order": 86,
    "variant": 22,
    "price_at_time": "276.00",
    "quantity": 1,
    "item_status": "PENDING",
    "cancel_reason": null
  }
},
{
  "model": "order.orderitem",
  "pk": 109,
  "fields": {
    "order": 79,
    "variant": 22,
    "price_at_time": "276.00",
    "quantity": 1,
    "item_status": "CANCELLED",
    "cancel_reason": "Found a better price"
  }
},
{
  "model": "order.orderitem",
  "pk": 110,
  "fields": {
    "order": 87,
    "variant": 11,
    "price_at_time": "299.00",
    "quantity": 3,
    "item_status": "RETURNED",
    "cancel_reason": null
  }
},
{
  "model": "order.orderitem",
  "pk": 111,
  "fields": {
    "order": 88,
    "variant": 21,
    "price_at_time": "299.00",
    "quantity": 1,
    "item_status": "RETURNED",
    "cancel_reason": null
  }
},
{
  "model": "order.orderitem",
  "pk": 112,
  "fields": {
    "order": 88,
    "variant": 18,
    "price_at_time": "12.00",
    "quantity": 1,
    "item_status": "RETURNED",
    "cancel_reason": null
  }
},
{
  "model": "order.orderitem",
  "pk": 113,
  "fields": {
    "order": 89,
    "variant": 26,
    "price_at_time": "445.00",
    "quantity": 2,
    "item_status": "PENDING",
    "cancel_reason": null
  }
},
{
  "model": "order.orderitem",
  "pk": 114,
  "fields": {
    "order": 90,
    "variant": 22,
    "price_at_time": "276.00",
    "quantity": 2,
    "item_status": "PENDING",
    "cancel_reason": null
  }
},
{
  "model": "order.orderitem",
  "pk": 115,
  "fields": {
    "order": 91,
    "variant": 26,
    "price_at_time": "445.00",
    "quantity": 2,
    "item_status": "PENDING",
    "cancel_reason": null
  }
},
{
  "model": "order.orderitem",
  "pk": 116,
  "fields": {
    "order": 92,
    "variant": 21,
    "price_at_time": "299.00",
    "quantity": 1,
    "item_status": "PENDING",
    "cancel_reason": null
  }
},
{
  "model": "order.orderitem",
  "pk": 117,
  "fields": {
    "order": 93,
    "variant": 21,
    "price_at_time": "299.00",
    "quantity": 2,
    "item_status": "PENDING",
    "cancel_reason": null
  }
},
{
  "model": "order.orderitem",
  "pk": 118,
  "fields": {
    "order": 94,
    "variant": 22,
    "price_at_time": "276.00",
    "quantity": 2,
    "item_status": "PENDING",
    "cancel_reason": null
  }
},
{
  "model": "order.orderitem",
  "pk": 119,
  "fields": {
    "order": 95,
    "variant": 21,
    "price_at_time": "299.00",
    "quantity": 1,
    "item_status": "PENDING",
    "cancel_reason": null
  }
},
{
  "model": "order.orderitem",
  "pk": 120,
  "fields": {
    "order": 96,
    "variant": 22,
    "price_at_time": "276.00",
    "quantity": 2,
    "item_status": "PENDING",
    "cancel_reason": null
  }
},
{
  "model": "order.orderitem",
  "pk": 121,
  "fields": {
    "order": 97,
    "variant": 28,
    "price_at_time": "450.00",
    "quantity": 2,
    "item_status": "PENDING",
    "cancel_reason": null
  }
},
{
  "model": "order.orderitem",
  "pk": 122,
  "fields": {
    "order": 98,
    "variant": 28,
    "price_at_time": "450.00",
    "quantity": 2,
    "item_status": "DELIVERED",
    "cancel_reason": null
  }
},
{
  "model": "order.orderitem",
  "pk": 123,
  "fields": {
    "order": 99,
    "variant": 30,
    "price_at_time": "799.20",
    "quantity": 1,
    "item_status": "CANCELLED",
    "cancel_reason": "Ordered by mistake"
  }
},
{
  "model": "order.orderitem",
  "pk": 124,
  "fields": {
    "order": 100,
    "variant": 22,
    "price_at_time": "276.00",
    "quantity": 2,
    "item_status": "DELIVERED",
    "cancel_reason": null
  }
},
{
  "model": "order.orderitem",
  "pk": 125,
  "fields": {
    "order": 100,
    "variant": 30,
    "price_at_time": "799.20",
    "quantity": 1,
    "item_status": "DELIVERED",
    "cancel_reason": null
  }
},
{
  "model": "order.orderitem",
  "pk": 126,
  "fields": {
    "order": 101,
    "variant": 28,
    "price_at_time": "450.00",
    "quantity": 5,
    "item_status": "DELIVERED",
    "cancel_reason": null
  }
},
{
  "model": "order.orderitem",
  "pk": 127,
  "fields": {
    "order": 102,
    "variant": 24,
    "price_at_time": "427.70",
    "quantity": 1,
    "item_status": "CANCELLED",
    "cancel_reason": "Ordered by mistake"
  }
},
{
  "model": "order.orderitem",
  "pk": 128,
  "fields": {
    "order": 102,
    "variant": 25,
    "price_at_time": "563.06",
    "quantity": 1,
    "item_status": "RETURNED",
    "cancel_reason": null
  }
},
{
  "model": "order.orderitem",
  "pk": 129,
  "fields": {
    "order": 102,
    "variant": 28,
    "price_at_time": "450.00",
    "quantity": 1,
    "item_status": "RETURNED",
    "cancel_reason": null
  }
},
{
  "model": "order.orderitem",
  "pk": 130,
  "fields": {
    "order": 103,
    "variant": 26,
    "price_at_time": "445.00",
    "quantity": 2,
    "item_status": "RETURNED",
    "cancel_reason": null
  }
},
{
  "model": "order.orderitem",
  "pk": 132,
  "fields": {
    "order": 105,
    "variant": 26,
    "price_at_time": "445.00",
    "quantity": 1,
    "item_status": "RETURNED",
    "cancel_reason": null
  }
},
{
  "model": "order.orderitem",
  "pk": 133,
  "fields": {
    "order": 105,
    "variant": 21,
    "price_at_time": "281.06",
    "quantity": 1,
    "item_status": "DELIVERED",
    "cancel_reason": null
  }
},
{
  "model": "order.orderitem",
  "pk": 134,
  "fields": {
    "order": 105,
    "variant": 28,
    "price_at_time": "450.00",
    "quantity": 2,
    "item_status": "DELIVERED",
    "cancel_reason": null
  }
},
{
  "model": "order.orderitem",
  "pk": 135,
  "fields": {
    "order": 106,
    "variant": 35,
    "price_at_time": "200.00",
    "quantity": 1,
    "item_status": "PENDING",
    "cancel_reason": null
  }
},
{
  "model": "order.orderitem",
  "pk": 136,
  "fields": {
    "order": 106,
    "variant": 26,
    "price_at_time": "445.00",
    "quantity": 1,
    "item_status": "PENDING",
    "cancel_reason": null
  }
},
{
  "model": "order.orderitem",
  "pk": 137,
  "fields": {
    "order": 106,
    "variant": 34,
    "price_at_time": "399.00",
    "quantity": 2,
    "item_status": "PENDING",
    "cancel_reason": null
  }
},
{
  "model": "order.orderitem",
  "pk": 138,
  "fields": {
    "order": 107,
    "variant": 28,
    "price_at_time": "450.00",
    "quantity": 1,
    "item_status": "CANCELLED",
    "cancel_reason": "Ordered by mistake"
  }
},
{
  "model": "order.orderitem",
  "pk": 139,
  "fields": {
    "order": 107,
    "variant": 26,
    "price_at_time": "445.00",
    "quantity": 1,
    "item_status": "CANCELLED",
    "cancel_reason": "Ordered by mistake"
  }
},
{
  "model": "order.orderitem",
  "pk": 140,
  "fields": {
    "order": 107,
    "variant": 32,
    "price_at_time": "1199.00",
    "quantity": 1,
    "item_status": "CANCELLED",
    "cancel_reason": "Ordered by mistake"
  }
},
{
  "model": "order.orderitem",
  "pk": 141,
  "fields": {
    "order": 108,
    "variant": 19,
    "price_at_time": "328.06",
    "quantity": 1,
    "item_status": "PENDING",
    "cancel_reason": null
  }
},
{
  "model": "order.orderitem",
  "pk": 142,
  "fields": {
    "order": 108,
    "variant": 24,
    "price_at_time": "427.70",
    "quantity": 1,
    "item_status": "PENDING",
    "cancel_reason": null
  }
},
{
  "model": "order.orderitem",
  "pk": 143,
  "fields": {
    "order": 109,
    "variant": 28,
    "price_at_time": "450.00",
    "quantity": 5,
    "item_status": "DELIVERED",
    "cancel_reason": null
  }
},
{
  "model": "order.orderitem",
  "pk": 144,
  "fields": {
    "order": 109,
    "variant": 21,
    "price_at_time": "281.06",
    "quantity": 1,
    "item_status": "RETURN_REQUESTED",
    "cancel_reason": null
  }
},
{
  "model": "order.orderitem",
  "pk": 145,
  "fields": {
    "order": 109,
    "variant": 24,
    "price_at_time": "427.70",
    "quantity": 1,
    "item_status": "RETURN_REQUESTED",
    "cancel_reason": null
  }
},
{
  "model": "order.orderitem",
  "pk": 146,
  "fields": {
    "order": 110,
    "variant": 32,
    "price_at_time": "1199.00",
    "quantity": 1,
    "item_status": "CANCELLED",
    "cancel_reason": "Found a better price"
  }
},
{
  "model": "order.orderitem",
  "pk": 147,
  "fields": {
    "order": 110,
    "variant": 31,
    "price_at_time": "799.00",
    "quantity": 4,
    "item_status": "PENDING",
    "cancel_reason": null
  }
},
{
  "model": "order.orderitem",
  "pk": 148,
  "fields": {
    "order": 111,
    "variant": 33,
    "price_at_time": "659.00",
    "quantity": 2,
    "item_status": "PENDING",
    "cancel_reason": null
  }
},
{
  "model": "order.orderitem",
  "pk": 149,
  "fields": {
    "order": 112,
    "variant": 33,
    "price_at_time": "659.00",
    "quantity": 2,
    "item_status": "PENDING",
    "cancel_reason": null
  }
},
{
  "model": "order.orderitem",
  "pk": 150,
  "fields": {
    "order": 113,
    "variant": 30,
    "price_at_time": "999.00",
    "quantity": 5,
    "item_status": "PENDING",
    "cancel_reason": null
  }
},
{
  "model": "order.orderitem",
  "pk": 151,
  "fields": {
    "order": 113,
    "variant": 29,
    "price_at_time": "799.00",
    "quantity": 3,
    "item_status": "PENDING",
    "cancel_reason": null
  }
},
{
  "model": "order.orderitem",
  "pk": 152,
  "fields": {
    "order": 114,
    "variant": 11,
    "price_at_time": "299.00",
    "quantity": 1,
    "item_status": "DELIVERED",
    "cancel_reason": null
  }
},
{
  "model": "order.orderitem",
  "pk": 153,
  "fields": {
    "order": 114,
    "variant": 16,
    "price_at_time": "199.00",
    "quantity": 3,
    "item_status": "DELIVERED",
    "cancel_reason": null
  }
},
{
  "model": "order.orderitem",
  "pk": 154,
  "fields": {
    "order": 115,
    "variant": 26,
    "price_at_time": "445.00",
    "quantity": 2,
    "item_status": "PENDING",
    "cancel_reason": null
  }
},
{
  "model": "order.shippingaddress",
  "pk": 1,
  "fields": {
    "order": 4,
    "user": 76,
    "full_name": "Nandhu Jr",
    "phone": "6235090525",
    "address_line1": "Sulthan Bthery",
    "city": "Cheeral",
    "district": "Wayanad",
    "state": "Kerala",
    "country": "India",
    "pincode": "673595"
  }
},
{
  "model": "order.shippingaddress",
  "pk": 2,
  "fields": {
    "order": 5,
    "user": 76,
    "full_name": "Nandhu Jr",
    "phone": "6235090525",
    "address_line1": "Sulthan Bthery",
    "city": "Cheeral",
    "district": "Wayanad",
    "state": "Kerala",
    "country": "India",
    "pincode": "673595"
  }
},
{
  "model": "order.shippingaddress",
  "pk": 3,
  "fields": {
    "order": 6,
    "user": 76,
    "full_name": "Nandhu Jr",
    "phone": "6235090525",
    "address_line1": "Sulthan Bthery",
    "city": "Cheeral",
    "district": "Wayanad",
    "state": "Kerala",
    "country": "India",
    "pincode": "673595"
  }
},
{
  "model": "order.shippingaddress",
  "pk": 4,
  "fields": {
    "order": 7,
    "user": 76,
    "full_name": "Nandhu Jr",
    "phone": "6235090525",
    "address_line1": "Sulthan Bthery",
    "city": "Cheeral",
    "district": "Wayanad",
    "state": "Kerala",
    "country": "India",
    "pincode": "673595"
  }
},
{
  "model": "order.shippingaddress",
  "pk": 5,
  "fields": {
    "order": 8,
    "user": 76,
    "full_name": "Nandhu Jr",
    "phone": "6235090525",
    "address_line1": "Sulthan Bthery",
    "city": "Cheeral",
    "district": "Wayanad",
    "state": "Kerala",
    "country": "India",
    "pincode": "673595"
  }
},
{
  "model": "order.shippingaddress",
  "pk": 6,
  "fields": {
    "order": 9,
    "user": 76,
    "full_name": "Nandhu Jr",
    "phone": "6235090525",
    "address_line1": "Sulthan Bthery",
    "city": "Cheeral",
    "district": "Wayanad",
    "state": "Kerala",
    "country": "India",
    "pincode": "673595"
  }
},
{
  "model": "order.shippingaddress",
  "pk": 7,
  "fields": {
    "order": 10,
    "user": 76,
    "full_name": "Nandhu Jr",
    "phone": "6235090525",
    "address_line1": "Sulthan Bthery",
    "city": "Cheeral",
    "district": "Wayanad",
    "state": "Kerala",
    "country": "India",
    "pincode": "673595"
  }
},
{
  "model": "order.shippingaddress",
  "pk": 8,
  "fields": {
    "order": 11,
    "user": 76,
    "full_name": "Nandagopan",
    "phone": "6235090533",
    "address_line1": "Cheeral ,po",
    "city": "Sulthan Bathery",
    "district": "Wayanad",
    "state": "Kerala",
    "country": "India",
    "pincode": "673595"
  }
},
{
  "model": "order.shippingaddress",
  "pk": 9,
  "fields": {
    "order": 12,
    "user": 76,
    "full_name": "Nandhu Jr",
    "phone": "6235090525",
    "address_line1": "Sulthan Bthery",
    "city": "Cheeral",
    "district": "Wayanad",
    "state": "Kerala",
    "country": "India",
    "pincode": "673595"
  }
},
{
  "model": "order.shippingaddress",
  "pk": 10,
  "fields": {
    "order": 13,
    "user": 76,
    "full_name": "Nandhu",
    "phone": "6235099533",
    "address_line1": "cheeral po kaliinkar",
    "city": "Sulthan Bathery",
    "district": "Wayanad",
    "state": "Kerala",
    "country": "India",
    "pincode": "673595"
  }
},
{
  "model": "order.shippingaddress",
  "pk": 11,
  "fields": {
    "order": 14,
    "user": 76,
    "full_name": "Nandhu",
    "phone": "6235099533",
    "address_line1": "cheeral po kaliinkar",
    "city": "Sulthan Bathery",
    "district": "Wayanad",
    "state": "Kerala",
    "country": "India",
    "pincode": "673595"
  }
},
{
  "model": "order.shippingaddress",
  "pk": 12,
  "fields": {
    "order": 15,
    "user": 76,
    "full_name": "Nandhu",
    "phone": "6235099533",
    "address_line1": "cheeral po kaliinkar",
    "city": "Sulthan Bathery",
    "district": "Wayanad",
    "state": "Kerala",
    "country": "India",
    "pincode": "673595"
  }
},
{
  "model": "order.shippingaddress",
  "pk": 13,
  "fields": {
    "order": 16,
    "user": 76,
    "full_name": "Nandhu",
    "phone": "6235099533",
    "address_line1": "cheeral po kaliinkar",
    "city": "Sulthan Bathery",
    "district": "Wayanad",
    "state": "Kerala",
    "country": "India",
    "pincode": "673595"
  }
},
{
  "model": "order.shippingaddress",
  "pk": 14,
  "fields": {
    "order": 17,
    "user": 76,
    "full_name": "Nandhu",
    "phone": "6235099533",
    "address_line1": "cheeral po kaliinkar",
    "city": "Sulthan Bathery",
    "district": "Wayanad",
    "state": "Kerala",
    "country": "India",
    "pincode": "673595"
  }
},
{
  "model": "order.shippingaddress",
  "pk": 45,
  "fields": {
    "order": 48,
    "user": 76,
    "full_name": "Nandhu",
    "phone": "6235099533",
    "address_line1": "cheeral po kaliinkar",
    "city": "Sulthan Bathery",
    "district": "Wayanad",
    "state": "Kerala",
    "country": "India",
    "pincode": "673595"
  }
},
{
  "model": "order.shippingaddress",
  "pk": 46,
  "fields": {
    "order": 49,
    "user": 76,
    "full_name": "Nandhu",
    "phone": "6235099533",
    "address_line1": "cheeral po kaliinkar",
    "city": "Sulthan Bathery",
    "district": "Wayanad",
    "state": "Kerala",
    "country": "India",
    "pincode": "673595"
  }
},
{
  "model": "order.shippingaddress",
  "pk": 47,
  "fields": {
    "order": 50,
    "user": 76,
    "full_name": "Nandhu",
    "phone": "6235099533",
    "address_line1": "cheeral po kaliinkar",
    "city": "Sulthan Bathery",
    "district": "Wayanad",
    "state": "Kerala",
    "country": "India",
    "pincode": "673595"
  }
},
{
  "model": "order.shippingaddress",
  "pk": 48,
  "fields": {
    "order": 51,
    "user": 76,
    "full_name": "Nandhu",
    "phone": "6235099533",
    "address_line1": "cheeral po kaliinkar",
    "city": "Sulthan Bathery",
    "district": "Wayanad",
    "state": "Kerala",
    "country": "India",
    "pincode": "673595"
  }
},
{
  "model": "order.shippingaddress",
  "pk": 49,
  "fields": {
    "order": 52,
    "user": 76,
    "full_name": "Nandhu",
    "phone": "6235099533",
    "address_line1": "cheeral po kaliinkar",
    "city": "Sulthan Bathery",
    "district": "Wayanad",
    "state": "Kerala",
    "country": "India",
    "pincode": "673595"
  }
},
{
  "model": "order.shippingaddress",
  "pk": 50,
  "fields": {
    "order": 53,
    "user": 76,
    "full_name": "Nandhu",
    "phone": "6235099533",
    "address_line1": "cheeral po kaliinkar",
    "city": "Sulthan Bathery",
    "district": "Wayanad",
    "state": "Kerala",
    "country": "India",
    "pincode": "673595"
  }
},
{
  "model": "order.shippingaddress",
  "pk": 51,
  "fields": {
    "order": 54,
    "user": 76,
    "full_name": "Nandhu",
    "phone": "6235099533",
    "address_line1": "cheeral po kaliinkar",
    "city": "Sulthan Bathery",
    "district": "Wayanad",
    "state": "Kerala",
    "country": "India",
    "pincode": "673595"
  }
},
{
  "model": "order.shippingaddress",
  "pk": 52,
  "fields": {
    "order": 55,
    "user": 76,
    "full_name": "Nandhu",
    "phone": "6235099533",
    "address_line1": "cheeral po kaliinkar",
    "city": "Sulthan Bathery",
    "district": "Wayanad",
    "state": "Kerala",
    "country": "India",
    "pincode": "673595"
  }
},
{
  "model": "order.shippingaddress",
  "pk": 53,
  "fields": {
    "order": 56,
    "user": 76,
    "full_name": "Nandhu",
    "phone": "6235099533",
    "address_line1": "cheeral po kaliinkar",
    "city": "Sulthan Bathery",
    "district": "Wayanad",
    "state": "Kerala",
    "country": "India",
    "pincode": "673595"
  }
},
{
  "model": "order.shippingaddress",
  "pk": 54,
  "fields": {
    "order": 57,
    "user": 76,
    "full_name": "Nandhu",
    "phone": "6235099533",
    "address_line1": "cheeral po kaliinkar",
    "city": "Sulthan Bathery",
    "district": "Wayanad",
    "state": "Kerala",
    "country": "India",
    "pincode": "673595"
  }
},
{
  "model": "order.shippingaddress",
  "pk": 55,
  "fields": {
    "order": 58,
    "user": 76,
    "full_name": "Nandhu",
    "phone": "6235099533",
    "address_line1": "cheeral po kaliinkar",
    "city": "Sulthan Bathery",
    "district": "Wayanad",
    "state": "Kerala",
    "country": "India",
    "pincode": "673595"
  }
},
{
  "model": "order.shippingaddress",
  "pk": 56,
  "fields": {
    "order": 59,
    "user": 76,
    "full_name": "Nandhu",
    "phone": "6235099533",
    "address_line1": "cheeral po kaliinkar",
    "city": "Sulthan Bathery",
    "district": "Wayanad",
    "state": "Kerala",
    "country": "India",
    "pincode": "673595"
  }
},
{
  "model": "order.shippingaddress",
  "pk": 57,
  "fields": {
    "order": 60,
    "user": 76,
    "full_name": "Nandhu",
    "phone": "6235099533",
    "address_line1": "cheeral po kaliinkar",
    "city": "Sulthan Bathery",
    "district": "Wayanad",
    "state": "Kerala",
    "country": "India",
    "pincode": "673595"
  }
},
{
  "model": "order.shippingaddress",
  "pk": 58,
  "fields": {
    "order": 61,
    "user": 76,
    "full_name": "Nandhu",
    "phone": "6235099533",
    "address_line1": "cheeral po kaliinkar",
    "city": "Sulthan Bathery",
    "district": "Wayanad",
    "state": "Kerala",
    "country": "India",
    "pincode": "673595"
  }
},
{
  "model": "order.shippingaddress",
  "pk": 59,
  "fields": {
    "order": 62,
    "user": 76,
    "full_name": "Nandhu",
    "phone": "6235099533",
    "address_line1": "cheeral po kaliinkar",
    "city": "Sulthan Bathery",
    "district": "Wayanad",
    "state": "Kerala",
    "country": "India",
    "pincode": "673595"
  }
},
{
  "model": "order.shippingaddress",
  "pk": 60,
  "fields": {
    "order": 63,
    "user": 76,
    "full_name": "Nandhu",
    "phone": "6235099533",
    "address_line1": "cheeral po kaliinkar",
    "city": "Sulthan Bathery",
    "district": "Wayanad",
    "state": "Kerala",
    "country": "India",
    "pincode": "673595"
  }
},
{
  "model": "order.shippingaddress",
  "pk": 61,
  "fields": {
    "order": 64,
    "user": 76,
    "full_name": "Nandhu",
    "phone": "6235099533",
    "address_line1": "cheeral po kaliinkar",
    "city": "Sulthan Bathery",
    "district": "Wayanad",
    "state": "Kerala",
    "country": "India",
    "pincode": "673595"
  }
},
{
  "model": "order.shippingaddress",
  "pk": 62,
  "fields": {
    "order": 65,
    "user": 76,
    "full_name": "Nandhu",
    "phone": "6235099533",
    "address_line1": "cheeral po kaliinkar",
    "city": "Sulthan Bathery",
    "district": "Wayanad",
    "state": "Kerala",
    "country": "India",
    "pincode": "673595"
  }
},
{
  "model": "order.shippingaddress",
  "pk": 63,
  "fields": {
    "order": 66,
    "user": 76,
    "full_name": "Nandhu",
    "phone": "6235099533",
    "address_line1": "cheeral po kaliinkar",
    "city": "Sulthan Bathery",
    "district": "Wayanad",
    "state": "Kerala",
    "country": "India",
    "pincode": "673595"
  }
},
{
  "model": "order.shippingaddress",
  "pk": 64,
  "fields": {
    "order": 67,
    "user": 76,
    "full_name": "Nandhu",
    "phone": "6235099533",
    "address_line1": "cheeral po kaliinkar",
    "city": "Sulthan Bathery",
    "district": "Wayanad",
    "state": "Kerala",
    "country": "India",
    "pincode": "673595"
  }
},
{
  "model": "order.shippingaddress",
  "pk": 65,
  "fields": {
    "order": 68,
    "user": 76,
    "full_name": "Nandhu",
    "phone": "6235099533",
    "address_line1": "cheeral po kaliinkar",
    "city": "Sulthan Bathery",
    "district": "Wayanad",
    "state": "Kerala",
    "country": "India",
    "pincode": "673595"
  }
},
{
  "model": "order.shippingaddress",
  "pk": 66,
  "fields": {
    "order": 69,
    "user": 76,
    "full_name": "Nandhu",
    "phone": "6235099533",
    "address_line1": "cheeral po kaliinkar",
    "city": "Sulthan Bathery",
    "district": "Wayanad",
    "state": "Kerala",
    "country": "India",
    "pincode": "673595"
  }
},
{
  "model": "order.shippingaddress",
  "pk": 67,
  "fields": {
    "order": 70,
    "user": 76,
    "full_name": "Nandhu",
    "phone": "6235099533",
    "address_line1": "cheeral po kaliinkar",
    "city": "Sulthan Bathery",
    "district": "Wayanad",
    "state": "Kerala",
    "country": "India",
    "pincode": "673595"
  }
},
{
  "model": "order.shippingaddress",
  "pk": 68,
  "fields": {
    "order": 71,
    "user": 76,
    "full_name": "Nandhu",
    "phone": "6235099533",
    "address_line1": "cheeral po kaliinkar",
    "city": "Sulthan Bathery",
    "district": "Wayanad",
    "state": "Kerala",
    "country": "India",
    "pincode": "673595"
  }
},
{
  "model": "order.shippingaddress",
  "pk": 69,
  "fields": {
    "order": 72,
    "user": 76,
    "full_name": "Nandhu",
    "phone": "6235099533",
    "address_line1": "cheeral po kaliinkar",
    "city": "Sulthan Bathery",
    "district": "Wayanad",
    "state": "Kerala",
    "country": "India",
    "pincode": "673595"
  }
},
{
  "model": "order.shippingaddress",
  "pk": 70,
  "fields": {
    "order": 73,
    "user": 76,
    "full_name": "Nandhu",
    "phone": "6235099533",
    "address_line1": "cheeral po kaliinkar",
    "city": "Sulthan Bathery",
    "district": "Wayanad",
    "state": "Kerala",
    "country": "India",
    "pincode": "673595"
  }
},
{
  "model": "order.shippingaddress",
  "pk": 71,
  "fields": {
    "order": 74,
    "user": 76,
    "full_name": "Nandhu",
    "phone": "6235099533",
    "address_line1": "cheeral po kaliinkar",
    "city": "Sulthan Bathery",
    "district": "Wayanad",
    "state": "Kerala",
    "country": "India",
    "pincode": "673595"
  }
},
{
  "model": "order.shippingaddress",
  "pk": 72,
  "fields": {
    "order": 75,
    "user": 76,
    "full_name": "Nandhu",
    "phone": "6235099533",
    "address_line1": "cheeral po kaliinkar",
    "city": "Sulthan Bathery",
    "district": "Wayanad",
    "state": "Kerala",
    "country": "India",
    "pincode": "673595"
  }
},
{
  "model": "order.shippingaddress",
  "pk": 73,
  "fields": {
    "order": 76,
    "user": 76,
    "full_name": "Nandhu",
    "phone": "6235099533",
    "address_line1": "cheeral po kaliinkar",
    "city": "Sulthan Bathery",
    "district": "Wayanad",
    "state": "Kerala",
    "country": "India",
    "pincode": "673595"
  }
},
{
  "model": "order.shippingaddress",
  "pk": 74,
  "fields": {
    "order": 77,
    "user": 76,
    "full_name": "Nandhu",
    "phone": "6235099533",
    "address_line1": "cheeral po kaliinkar",
    "city": "Sulthan Bathery",
    "district": "Wayanad",
    "state": "Kerala",
    "country": "India",
    "pincode": "673595"
  }
},
{
  "model": "order.shippingaddress",
  "pk": 75,
  "fields": {
    "order": 78,
    "user": 76,
    "full_name": "Nandhu",
    "phone": "6235099533",
    "address_line1": "cheeral po kaliinkar",
    "city": "Sulthan Bathery",
    "district": "Wayanad",
    "state": "Kerala",
    "country": "India",
    "pincode": "673595"
  }
},
{
  "model": "order.shippingaddress",
  "pk": 76,
  "fields": {
    "order": 79,
    "user": 76,
    "full_name": "Nandhu",
    "phone": "6235099533",
    "address_line1": "cheeral po kaliinkar",
    "city": "Sulthan Bathery",
    "district": "Wayanad",
    "state": "Kerala",
    "country": "India",
    "pincode": "673595"
  }
},
{
  "model": "order.shippingaddress",
  "pk": 77,
  "fields": {
    "order": 80,
    "user": 76,
    "full_name": "Nandhu",
    "phone": "6235099533",
    "address_line1": "cheeral po kaliinkar",
    "city": "Sulthan Bathery",
    "district": "Wayanad",
    "state": "Kerala",
    "country": "India",
    "pincode": "673595"
  }
},
{
  "model": "order.shippingaddress",
  "pk": 78,
  "fields": {
    "order": 81,
    "user": 76,
    "full_name": "Nandhu",
    "phone": "6235099533",
    "address_line1": "cheeral po kaliinkar",
    "city": "Sulthan Bathery",
    "district": "Wayanad",
    "state": "Kerala",
    "country": "India",
    "pincode": "673595"
  }
},
{
  "model": "order.shippingaddress",
  "pk": 79,
  "fields": {
    "order": 82,
    "user": 76,
    "full_name": "Nandhu",
    "phone": "6235099533",
    "address_line1": "cheeral po kaliinkar",
    "city": "Sulthan Bathery",
    "district": "Wayanad",
    "state": "Kerala",
    "country": "India",
    "pincode": "673595"
  }
},
{
  "model": "order.shippingaddress",
  "pk": 80,
  "fields": {
    "order": 83,
    "user": 76,
    "full_name": "Nandhu",
    "phone": "6235099533",
    "address_line1": "cheeral po kaliinkar",
    "city": "Sulthan Bathery",
    "district": "Wayanad",
    "state": "Kerala",
    "country": "India",
    "pincode": "673595"
  }
},
{
  "model": "order.shippingaddress",
  "pk": 81,
  "fields": {
    "order": 84,
    "user": 76,
    "full_name": "Nandhu",
    "phone": "6235099533",
    "address_line1": "cheeral po kaliinkar",
    "city": "Sulthan Bathery",
    "district": "Wayanad",
    "state": "Kerala",
    "country": "India",
    "pincode": "673595"
  }
},
{
  "model": "order.shippingaddress",
  "pk": 82,
  "fields": {
    "order": 85,
    "user": 76,
    "full_name": "Nandagopan",
    "phone": "6235090533",
    "address_line1": "Cheeral ,po",
    "city": "Sulthan Bathery",
    "district": "Wayanad",
    "state": "Kerala",
    "country": "India",
    "pincode": "673595"
  }
},
{
  "model": "order.shippingaddress",
  "pk": 83,
  "fields": {
    "order": 86,
    "user": 76,
    "full_name": "Nandhu",
    "phone": "6235099533",
    "address_line1": "cheeral po kaliinkar",
    "city": "Sulthan Bathery",
    "district": "Wayanad",
    "state": "Kerala",
    "country": "India",
    "pincode": "673595"
  }
},
{
  "model": "order.shippingaddress",
  "pk": 84,
  "fields": {
    "order": 87,
    "user": 76,
    "full_name": "Nandhu",
    "phone": "6235099533",
    "address_line1": "cheeral po kaliinkar",
    "city": "Sulthan Bathery",
    "district": "Wayanad",
    "state": "Kerala",
    "country": "India",
    "pincode": "673595"
  }
},
{
  "model": "order.shippingaddress",
  "pk": 85,
  "fields": {
    "order": 88,
    "user": 76,
    "full_name": "Nandhu",
    "phone": "6235099533",
    "address_line1": "cheeral po kaliinkar",
    "city": "Sulthan Bathery",
    "district": "Wayanad",
    "state": "Kerala",
    "country": "India",
    "pincode": "673595"
  }
},
{
  "model": "order.shippingaddress",
  "pk": 86,
  "fields": {
    "order": 89,
    "user": 76,
    "full_name": "Nandhu",
    "phone": "6235099533",
    "address_line1": "cheeral po kaliinkar",
    "city": "Sulthan Bathery",
    "district": "Wayanad",
    "state": "Kerala",
    "country": "India",
    "pincode": "673595"
  }
},
{
  "model": "order.shippingaddress",
  "pk": 87,
  "fields": {
    "order": 90,
    "user": 76,
    "full_name": "Nandhu",
    "phone": "6235099533",
    "address_line1": "cheeral po kaliinkar",
    "city": "Sulthan Bathery",
    "district": "Wayanad",
    "state": "Kerala",
    "country": "India",
    "pincode": "673595"
  }
},
{
  "model": "order.shippingaddress",
  "pk": 88,
  "fields": {
    "order": 91,
    "user": 76,
    "full_name": "Nandhu",
    "phone": "6235099533",
    "address_line1": "cheeral po kaliinkar",
    "city": "Sulthan Bathery",
    "district": "Wayanad",
    "state": "Kerala",
    "country": "India",
    "pincode": "673595"
  }
},
{
  "model": "order.shippingaddress",
  "pk": 89,
  "fields": {
    "order": 92,
    "user": 76,
    "full_name": "Nandhu",
    "phone": "6235099533",
    "address_line1": "cheeral po kaliinkar",
    "city": "Sulthan Bathery",
    "district": "Wayanad",
    "state": "Kerala",
    "country": "India",
    "pincode": "673595"
  }
},
{
  "model": "order.shippingaddress",
  "pk": 90,
  "fields": {
    "order": 93,
    "user": 76,
    "full_name": "Nandhu",
    "phone": "6235099533",
    "address_line1": "cheeral po kaliinkar",
    "city": "Sulthan Bathery",
    "district": "Wayanad",
    "state": "Kerala",
    "country": "India",
    "pincode": "673595"
  }
},
{
  "model": "order.shippingaddress",
  "pk": 91,
  "fields": {
    "order": 94,
    "user": 76,
    "full_name": "Nandhu",
    "phone": "6235099533",
    "address_line1": "cheeral po kaliinkar",
    "city": "Sulthan Bathery",
    "district": "Wayanad",
    "state": "Kerala",
    "country": "India",
    "pincode": "673595"
  }
},
{
  "model": "order.shippingaddress",
  "pk": 92,
  "fields": {
    "order": 95,
    "user": 76,
    "full_name": "Nandhu",
    "phone": "6235099533",
    "address_line1": "cheeral po kaliinkar",
    "city": "Sulthan Bathery",
    "district": "Wayanad",
    "state": "Kerala",
    "country": "India",
    "pincode": "673595"
  }
},
{
  "model": "order.shippingaddress",
  "pk": 93,
  "fields": {
    "order": 96,
    "user": 76,
    "full_name": "Nandhu",
    "phone": "6235099533",
    "address_line1": "cheeral po kaliinkar",
    "city": "Sulthan Bathery",
    "district": "Wayanad",
    "state": "Kerala",
    "country": "India",
    "pincode": "673595"
  }
},
{
  "model": "order.shippingaddress",
  "pk": 94,
  "fields": {
    "order": 97,
    "user": 76,
    "full_name": "Nandhu",
    "phone": "6235099533",
    "address_line1": "cheeral po kaliinkar",
    "city": "Sulthan Bathery",
    "district": "Wayanad",
    "state": "Kerala",
    "country": "India",
    "pincode": "673595"
  }
},
{
  "model": "order.shippingaddress",
  "pk": 95,
  "fields": {
    "order": 98,
    "user": 76,
    "full_name": "Nandhu",
    "phone": "6235099533",
    "address_line1": "cheeral po kaliinkar",
    "city": "Sulthan Bathery",
    "district": "Wayanad",
    "state": "Kerala",
    "country": "India",
    "pincode": "673595"
  }
},
{
  "model": "order.shippingaddress",
  "pk": 96,
  "fields": {
    "order": 99,
    "user": 76,
    "full_name": "Nandhu",
    "phone": "6235099533",
    "address_line1": "cheeral po kaliinkar",
    "city": "Sulthan Bathery",
    "district": "Wayanad",
    "state": "Kerala",
    "country": "India",
    "pincode": "673595"
  }
},
{
  "model": "order.shippingaddress",
  "pk": 97,
  "fields": {
    "order": 100,
    "user": 76,
    "full_name": "Nandhu",
    "phone": "6235099533",
    "address_line1": "cheeral po kaliinkar",
    "city": "Sulthan Bathery",
    "district": "Wayanad",
    "state": "Kerala",
    "country": "India",
    "pincode": "673595"
  }
},
{
  "model": "order.shippingaddress",
  "pk": 98,
  "fields": {
    "order": 101,
    "user": 76,
    "full_name": "Nandhu",
    "phone": "6235099533",
    "address_line1": "cheeral po kaliinkar",
    "city": "Sulthan Bathery",
    "district": "Wayanad",
    "state": "Kerala",
    "country": "India",
    "pincode": "673595"
  }
},
{
  "model": "order.shippingaddress",
  "pk": 99,
  "fields": {
    "order": 102,
    "user": 88,
    "full_name": "Nandagopan",
    "phone": "6235090533",
    "address_line1": "house nea to Cheeral",
    "city": "Sulthan Bathery",
    "district": "Wayanad",
    "state": "Kerala",
    "country": "India",
    "pincode": "673595"
  }
},
{
  "model": "order.shippingaddress",
  "pk": 100,
  "fields": {
    "order": 103,
    "user": 88,
    "full_name": "Nandagopan",
    "phone": "6235090533",
    "address_line1": "house nea to Cheeral",
    "city": "Sulthan Bathery",
    "district": "Wayanad",
    "state": "Kerala",
    "country": "India",
    "pincode": "673595"
  }
},
{
  "model": "order.shippingaddress",
  "pk": 102,
  "fields": {
    "order": 105,
    "user": 76,
    "full_name": "Nandhu",
    "phone": "6235099533",
    "address_line1": "cheeral po kaliinkar",
    "city": "Sulthan Bathery",
    "district": "Wayanad",
    "state": "Kerala",
    "country": "India",
    "pincode": "673595"
  }
},
{
  "model": "order.shippingaddress",
  "pk": 103,
  "fields": {
    "order": 106,
    "user": 76,
    "full_name": "Nandhu",
    "phone": "6235099533",
    "address_line1": "cheeral po kaliinkar",
    "city": "Sulthan Bathery",
    "district": "Wayanad",
    "state": "Kerala",
    "country": "India",
    "pincode": "673595"
  }
},
{
  "model": "order.shippingaddress",
  "pk": 104,
  "fields": {
    "order": 107,
    "user": 76,
    "full_name": "Nandhu",
    "phone": "6235099533",
    "address_line1": "cheeral po kaliinkar",
    "city": "Sulthan Bathery",
    "district": "Wayanad",
    "state": "Kerala",
    "country": "India",
    "pincode": "673595"
  }
},
{
  "model": "order.shippingaddress",
  "pk": 105,
  "fields": {
    "order": 108,
    "user": 76,
    "full_name": "Nandhu",
    "phone": "6235099533",
    "address_line1": "cheeral po kaliinkar",
    "city": "Sulthan Bathery",
    "district": "Wayanad",
    "state": "Kerala",
    "country": "India",
    "pincode": "673595"
  }
},
{
  "model": "order.shippingaddress",
  "pk": 106,
  "fields": {
    "order": 109,
    "user": 76,
    "full_name": "Nandhu",
    "phone": "6235099533",
    "address_line1": "cheeral po kaliinkar",
    "city": "Sulthan Bathery",
    "district": "Wayanad",
    "state": "Kerala",
    "country": "India",
    "pincode": "673595"
  }
},
{
  "model": "order.shippingaddress",
  "pk": 107,
  "fields": {
    "order": 110,
    "user": 76,
    "full_name": "Nandhu",
    "phone": "6235099533",
    "address_line1": "cheeral po kaliinkar",
    "city": "Sulthan Bathery",
    "district": "Wayanad",
    "state": "Kerala",
    "country": "India",
    "pincode": "673595"
  }
},
{
  "model": "order.shippingaddress",
  "pk": 108,
  "fields": {
    "order": 111,
    "user": 113,
    "full_name": "Ajay k",
    "phone": "9544274072",
    "address_line1": "Helloothhhhggjgjjsjd",
    "city": "Marayamangalam South",
    "district": "Palakkad",
    "state": "Kerala",
    "country": "India",
    "pincode": "679335"
  }
},
{
  "model": "order.shippingaddress",
  "pk": 109,
  "fields": {
    "order": 112,
    "user": 113,
    "full_name": "Ajay k",
    "phone": "9544274072",
    "address_line1": "Helloothhhhggjgjjsjd",
    "city": "Marayamangalam South",
    "district": "Palakkad",
    "state": "Kerala",
    "country": "India",
    "pincode": "679335"
  }
},
{
  "model": "order.shippingaddress",
  "pk": 110,
  "fields": {
    "order": 113,
    "user": 76,
    "full_name": "Nandhu",
    "phone": "6235099533",
    "address_line1": "cheeral po kaliinkar",
    "city": "Sulthan Bathery",
    "district": "Wayanad",
    "state": "Kerala",
    "country": "India",
    "pincode": "673595"
  }
},
{
  "model": "order.shippingaddress",
  "pk": 111,
  "fields": {
    "order": 114,
    "user": 76,
    "full_name": "Nandhu",
    "phone": "6235099533",
    "address_line1": "cheeral po kaliinkar",
    "city": "Sulthan Bathery",
    "district": "Wayanad",
    "state": "Kerala",
    "country": "India",
    "pincode": "673595"
  }
},
{
  "model": "order.shippingaddress",
  "pk": 112,
  "fields": {
    "order": 115,
    "user": 76,
    "full_name": "Nandagopan",
    "phone": "6235099533",
    "address_line1": "Cheeral fdfgfg",
    "city": "Sulthan Bathery",
    "district": "Wayanad",
    "state": "Kerala",
    "country": "India",
    "pincode": "673595"
  }
},
{
  "model": "order.payment",
  "pk": 1,
  "fields": {
    "order": 4,
    "payment_method": "COD",
    "razorpay_order_id": null,
    "razorpay_payment_id": null,
    "razorpay_signature": null,
    "transaction_id": null,
    "amount": "1376.00",
    "payment_status": "SUCCESS",
    "created_at": "2026-04-06T06:26:38.943Z"
  }
},
{
  "model": "order.payment",
  "pk": 2,
  "fields": {
    "order": 5,
    "payment_method": "COD",
    "razorpay_order_id": null,
    "razorpay_payment_id": null,
    "razorpay_signature": null,
    "transaction_id": null,
    "amount": "1774.00",
    "payment_status": "PENDING",
    "created_at": "2026-04-06T07:39:10.345Z"
  }
},
{
  "model": "order.payment",
  "pk": 3,
  "fields": {
    "order": 6,
    "payment_method": "COD",
    "razorpay_order_id": null,
    "razorpay_payment_id": null,
    "razorpay_signature": null,
    "transaction_id": null,
    "amount": "1194.00",
    "payment_status": "SUCCESS",
    "created_at": "2026-04-06T07:52:52.187Z"
  }
},
{
  "model": "order.payment",
  "pk": 4,
  "fields": {
    "order": 7,
    "payment_method": "COD",
    "razorpay_order_id": null,
    "razorpay_payment_id": null,
    "razorpay_signature": null,
    "transaction_id": null,
    "amount": "1596.00",
    "payment_status": "SUCCESS",
    "created_at": "2026-04-06T07:58:30.487Z"
  }
},
{
  "model": "order.payment",
  "pk": 5,
  "fields": {
    "order": 8,
    "payment_method": "COD",
    "razorpay_order_id": null,
    "razorpay_payment_id": null,
    "razorpay_signature": null,
    "transaction_id": null,
    "amount": "898.00",
    "payment_status": "PENDING",
    "created_at": "2026-04-06T08:22:39.552Z"
  }
},
{
  "model": "order.payment",
  "pk": 6,
  "fields": {
    "order": 9,
    "payment_method": "COD",
    "razorpay_order_id": null,
    "razorpay_payment_id": null,
    "razorpay_signature": null,
    "transaction_id": null,
    "amount": "499.00",
    "payment_status": "PENDING",
    "created_at": "2026-04-06T09:04:38.022Z"
  }
},
{
  "model": "order.payment",
  "pk": 7,
  "fields": {
    "order": 10,
    "payment_method": "COD",
    "razorpay_order_id": null,
    "razorpay_payment_id": null,
    "razorpay_signature": null,
    "transaction_id": null,
    "amount": "3294.00",
    "payment_status": "PENDING",
    "created_at": "2026-04-07T14:33:02.363Z"
  }
},
{
  "model": "order.payment",
  "pk": 8,
  "fields": {
    "order": 11,
    "payment_method": "COD",
    "razorpay_order_id": null,
    "razorpay_payment_id": null,
    "razorpay_signature": null,
    "transaction_id": null,
    "amount": "1465.00",
    "payment_status": "FAILED",
    "created_at": "2026-04-08T12:21:10.052Z"
  }
},
{
  "model": "order.payment",
  "pk": 9,
  "fields": {
    "order": 12,
    "payment_method": "COD",
    "razorpay_order_id": null,
    "razorpay_payment_id": null,
    "razorpay_signature": null,
    "transaction_id": null,
    "amount": "1596.00",
    "payment_status": "SUCCESS",
    "created_at": "2026-04-08T21:20:06.656Z"
  }
},
{
  "model": "order.payment",
  "pk": 10,
  "fields": {
    "order": 13,
    "payment_method": "COD",
    "razorpay_order_id": null,
    "razorpay_payment_id": null,
    "razorpay_signature": null,
    "transaction_id": null,
    "amount": "1353.00",
    "payment_status": "SUCCESS",
    "created_at": "2026-04-09T03:43:57.604Z"
  }
},
{
  "model": "order.payment",
  "pk": 11,
  "fields": {
    "order": 14,
    "payment_method": "COD",
    "razorpay_order_id": null,
    "razorpay_payment_id": null,
    "razorpay_signature": null,
    "transaction_id": null,
    "amount": "1948.00",
    "payment_status": "SUCCESS",
    "created_at": "2026-04-09T18:58:52.770Z"
  }
},
{
  "model": "order.payment",
  "pk": 12,
  "fields": {
    "order": 15,
    "payment_method": "COD",
    "razorpay_order_id": null,
    "razorpay_payment_id": null,
    "razorpay_signature": null,
    "transaction_id": null,
    "amount": "2240.00",
    "payment_status": "SUCCESS",
    "created_at": "2026-04-09T19:03:03.393Z"
  }
},
{
  "model": "order.payment",
  "pk": 13,
  "fields": {
    "order": 16,
    "payment_method": "COD",
    "razorpay_order_id": null,
    "razorpay_payment_id": null,
    "razorpay_signature": null,
    "transaction_id": null,
    "amount": "844.00",
    "payment_status": "SUCCESS",
    "created_at": "2026-04-09T19:06:40.132Z"
  }
},
{
  "model": "order.payment",
  "pk": 14,
  "fields": {
    "order": 17,
    "payment_method": "COD",
    "razorpay_order_id": null,
    "razorpay_payment_id": null,
    "razorpay_signature": null,
    "transaction_id": null,
    "amount": "376.00",
    "payment_status": "FAILED",
    "created_at": "2026-04-09T19:14:18.849Z"
  }
},
{
  "model": "order.payment",
  "pk": 45,
  "fields": {
    "order": 48,
    "payment_method": "COD",
    "razorpay_order_id": null,
    "razorpay_payment_id": null,
    "razorpay_signature": null,
    "transaction_id": null,
    "amount": "550.00",
    "payment_status": "PENDING",
    "created_at": "2026-04-20T06:20:31.480Z"
  }
},
{
  "model": "order.payment",
  "pk": 46,
  "fields": {
    "order": 49,
    "payment_method": "RAZORPAY",
    "razorpay_order_id": null,
    "razorpay_payment_id": null,
    "razorpay_signature": null,
    "transaction_id": "pay_SfeZXRY2rNrXYg",
    "amount": "828.00",
    "payment_status": "SUCCESS",
    "created_at": "2026-04-20T06:44:48.114Z"
  }
},
{
  "model": "order.payment",
  "pk": 47,
  "fields": {
    "order": 50,
    "payment_method": "COD",
    "razorpay_order_id": null,
    "razorpay_payment_id": null,
    "razorpay_signature": null,
    "transaction_id": null,
    "amount": "698.00",
    "payment_status": "PENDING",
    "created_at": "2026-04-20T06:56:04.814Z"
  }
},
{
  "model": "order.payment",
  "pk": 48,
  "fields": {
    "order": 51,
    "payment_method": "RAZORPAY",
    "razorpay_order_id": null,
    "razorpay_payment_id": null,
    "razorpay_signature": null,
    "transaction_id": "order_SfezXNQPNktura",
    "amount": "997.00",
    "payment_status": "PENDING",
    "created_at": "2026-04-20T07:12:05.201Z"
  }
},
{
  "model": "order.payment",
  "pk": 49,
  "fields": {
    "order": 52,
    "payment_method": "RAZORPAY",
    "razorpay_order_id": null,
    "razorpay_payment_id": null,
    "razorpay_signature": null,
    "transaction_id": "pay_Sff28njkzLI8OC",
    "amount": "704.00",
    "payment_status": "SUCCESS",
    "created_at": "2026-04-20T07:14:25.942Z"
  }
},
{
  "model": "order.payment",
  "pk": 50,
  "fields": {
    "order": 53,
    "payment_method": "RAZORPAY",
    "razorpay_order_id": null,
    "razorpay_payment_id": null,
    "razorpay_signature": null,
    "transaction_id": "order_Sfi6BIHaT6zhF4",
    "amount": "652.00",
    "payment_status": "PENDING",
    "created_at": "2026-04-20T10:14:27.474Z"
  }
},
{
  "model": "order.payment",
  "pk": 51,
  "fields": {
    "order": 54,
    "payment_method": "RAZORPAY",
    "razorpay_order_id": null,
    "razorpay_payment_id": null,
    "razorpay_signature": null,
    "transaction_id": "pay_SfiCvpbaeHSsm1",
    "amount": "1000.00",
    "payment_status": "SUCCESS",
    "created_at": "2026-04-20T10:20:24.347Z"
  }
},
{
  "model": "order.payment",
  "pk": 52,
  "fields": {
    "order": 55,
    "payment_method": "RAZORPAY",
    "razorpay_order_id": null,
    "razorpay_payment_id": null,
    "razorpay_signature": null,
    "transaction_id": "order_SfiHaxSJjcWGH1",
    "amount": "698.00",
    "payment_status": "PENDING",
    "created_at": "2026-04-20T10:25:16.271Z"
  }
},
{
  "model": "order.payment",
  "pk": 53,
  "fields": {
    "order": 56,
    "payment_method": "RAZORPAY",
    "razorpay_order_id": "order_SfiWfZojl42nA4",
    "razorpay_payment_id": null,
    "razorpay_signature": null,
    "transaction_id": null,
    "amount": "798.00",
    "payment_status": "PENDING",
    "created_at": "2026-04-20T10:39:32.355Z"
  }
},
{
  "model": "order.payment",
  "pk": 54,
  "fields": {
    "order": 57,
    "payment_method": "RAZORPAY",
    "razorpay_order_id": "order_SficwhfivP9Qwh",
    "razorpay_payment_id": null,
    "razorpay_signature": null,
    "transaction_id": "order_SfiiDFqjcE9II3",
    "amount": "1780.00",
    "payment_status": "PENDING",
    "created_at": "2026-04-20T10:45:28.620Z"
  }
},
{
  "model": "order.payment",
  "pk": 55,
  "fields": {
    "order": 58,
    "payment_method": "RAZORPAY",
    "razorpay_order_id": "order_SfiyjuXtZiIsIn",
    "razorpay_payment_id": null,
    "razorpay_signature": null,
    "transaction_id": null,
    "amount": "1335.00",
    "payment_status": "PENDING",
    "created_at": "2026-04-20T11:01:36.642Z"
  }
},
{
  "model": "order.payment",
  "pk": 56,
  "fields": {
    "order": 59,
    "payment_method": "RAZORPAY",
    "razorpay_order_id": "order_SfjF4zyW6LeOAC",
    "razorpay_payment_id": null,
    "razorpay_signature": null,
    "transaction_id": null,
    "amount": "990.00",
    "payment_status": "PENDING",
    "created_at": "2026-04-20T11:20:01.554Z"
  }
},
{
  "model": "order.payment",
  "pk": 57,
  "fields": {
    "order": 60,
    "payment_method": "RAZORPAY",
    "razorpay_order_id": "order_SfjVx4CJaXGUK9",
    "razorpay_payment_id": null,
    "razorpay_signature": null,
    "transaction_id": null,
    "amount": "698.00",
    "payment_status": "FAILED",
    "created_at": "2026-04-20T11:36:28.170Z"
  }
},
{
  "model": "order.payment",
  "pk": 58,
  "fields": {
    "order": 61,
    "payment_method": "RAZORPAY",
    "razorpay_order_id": null,
    "razorpay_payment_id": null,
    "razorpay_signature": null,
    "transaction_id": "order_SfjyCGI5eEnsOp",
    "amount": "928.00",
    "payment_status": "PENDING",
    "created_at": "2026-04-20T12:04:17.400Z"
  }
},
{
  "model": "order.payment",
  "pk": 59,
  "fields": {
    "order": 62,
    "payment_method": "RAZORPAY",
    "razorpay_order_id": null,
    "razorpay_payment_id": null,
    "razorpay_signature": null,
    "transaction_id": null,
    "amount": "698.00",
    "payment_status": "PENDING",
    "created_at": "2026-04-20T12:10:42.343Z"
  }
},
{
  "model": "order.payment",
  "pk": 60,
  "fields": {
    "order": 63,
    "payment_method": "RAZORPAY",
    "razorpay_order_id": null,
    "razorpay_payment_id": null,
    "razorpay_signature": null,
    "transaction_id": null,
    "amount": "698.00",
    "payment_status": "PENDING",
    "created_at": "2026-04-20T12:22:41.183Z"
  }
},
{
  "model": "order.payment",
  "pk": 61,
  "fields": {
    "order": 64,
    "payment_method": "RAZORPAY",
    "razorpay_order_id": null,
    "razorpay_payment_id": null,
    "razorpay_signature": null,
    "transaction_id": null,
    "amount": "2097.00",
    "payment_status": "PENDING",
    "created_at": "2026-04-20T12:40:57.864Z"
  }
},
{
  "model": "order.payment",
  "pk": 62,
  "fields": {
    "order": 65,
    "payment_method": "RAZORPAY",
    "razorpay_order_id": null,
    "razorpay_payment_id": null,
    "razorpay_signature": null,
    "transaction_id": null,
    "amount": "1077.00",
    "payment_status": "PENDING",
    "created_at": "2026-04-20T12:42:40.833Z"
  }
},
{
  "model": "order.payment",
  "pk": 63,
  "fields": {
    "order": 66,
    "payment_method": "RAZORPAY",
    "razorpay_order_id": null,
    "razorpay_payment_id": null,
    "razorpay_signature": null,
    "transaction_id": null,
    "amount": "1198.00",
    "payment_status": "FAILED",
    "created_at": "2026-04-20T12:44:45.267Z"
  }
},
{
  "model": "order.payment",
  "pk": 64,
  "fields": {
    "order": 67,
    "payment_method": "RAZORPAY",
    "razorpay_order_id": "order_SfkuM0dDVbfUef",
    "razorpay_payment_id": null,
    "razorpay_signature": null,
    "transaction_id": null,
    "amount": "990.00",
    "payment_status": "FAILED",
    "created_at": "2026-04-20T12:54:47.413Z"
  }
},
{
  "model": "order.payment",
  "pk": 65,
  "fields": {
    "order": 68,
    "payment_method": "RAZORPAY",
    "razorpay_order_id": "order_Sfl5gnSqmcye56",
    "razorpay_payment_id": null,
    "razorpay_signature": null,
    "transaction_id": null,
    "amount": "1398.00",
    "payment_status": "PENDING",
    "created_at": "2026-04-20T13:07:02.753Z"
  }
},
{
  "model": "order.payment",
  "pk": 66,
  "fields": {
    "order": 69,
    "payment_method": "RAZORPAY",
    "razorpay_order_id": "order_SflI2yMCIjZ8lt",
    "razorpay_payment_id": null,
    "razorpay_signature": null,
    "transaction_id": null,
    "amount": "698.00",
    "payment_status": "FAILED",
    "created_at": "2026-04-20T13:19:34.382Z"
  }
},
{
  "model": "order.payment",
  "pk": 67,
  "fields": {
    "order": 70,
    "payment_method": "RAZORPAY",
    "razorpay_order_id": "order_SflLfB6KZizkaB",
    "razorpay_payment_id": null,
    "razorpay_signature": null,
    "transaction_id": null,
    "amount": "698.00",
    "payment_status": "FAILED",
    "created_at": "2026-04-20T13:25:13.095Z"
  }
},
{
  "model": "order.payment",
  "pk": 68,
  "fields": {
    "order": 71,
    "payment_method": "RAZORPAY",
    "razorpay_order_id": "order_SflZYLpBMT4epl",
    "razorpay_payment_id": null,
    "razorpay_signature": null,
    "transaction_id": null,
    "amount": "898.00",
    "payment_status": "FAILED",
    "created_at": "2026-04-20T13:38:22.103Z"
  }
},
{
  "model": "order.payment",
  "pk": 69,
  "fields": {
    "order": 72,
    "payment_method": "RAZORPAY",
    "razorpay_order_id": null,
    "razorpay_payment_id": null,
    "razorpay_signature": null,
    "transaction_id": "pay_Sfm2ScptsAKgFP",
    "amount": "990.00",
    "payment_status": "SUCCESS",
    "created_at": "2026-04-20T14:05:12.201Z"
  }
},
{
  "model": "order.payment",
  "pk": 70,
  "fields": {
    "order": 73,
    "payment_method": "RAZORPAY",
    "razorpay_order_id": null,
    "razorpay_payment_id": null,
    "razorpay_signature": null,
    "transaction_id": "pay_Sfm4JnW4Oy7ZyX",
    "amount": "899.00",
    "payment_status": "SUCCESS",
    "created_at": "2026-04-20T14:06:47.339Z"
  }
},
{
  "model": "order.payment",
  "pk": 71,
  "fields": {
    "order": 74,
    "payment_method": "RAZORPAY",
    "razorpay_order_id": null,
    "razorpay_payment_id": null,
    "razorpay_signature": null,
    "transaction_id": "order_Sfn2Y4Vuo7I6h9",
    "amount": "1198.00",
    "payment_status": "PENDING",
    "created_at": "2026-04-20T14:59:30.736Z"
  }
},
{
  "model": "order.payment",
  "pk": 72,
  "fields": {
    "order": 75,
    "payment_method": "RAZORPAY",
    "razorpay_order_id": null,
    "razorpay_payment_id": null,
    "razorpay_signature": null,
    "transaction_id": "pay_Sfn4jDDMWQkQAg",
    "amount": "990.00",
    "payment_status": "SUCCESS",
    "created_at": "2026-04-20T15:05:26.819Z"
  }
},
{
  "model": "order.payment",
  "pk": 73,
  "fields": {
    "order": 76,
    "payment_method": "COD",
    "razorpay_order_id": null,
    "razorpay_payment_id": null,
    "razorpay_signature": null,
    "transaction_id": null,
    "amount": "608.30",
    "payment_status": "PENDING",
    "created_at": "2026-04-20T15:23:15.028Z"
  }
},
{
  "model": "order.payment",
  "pk": 74,
  "fields": {
    "order": 77,
    "payment_method": "RAZORPAY",
    "razorpay_order_id": "order_Sg2WF0D2gNbaQX",
    "razorpay_payment_id": "pay_Sg2WTxfDB98dJq",
    "razorpay_signature": "bdc2906005cbc828ab1bc7845b30cddeaa1c1c7c96e9220905b16369a4c04f9c",
    "transaction_id": "pay_Sg2WTxfDB98dJq",
    "amount": "1198.00",
    "payment_status": "SUCCESS",
    "created_at": "2026-04-21T06:13:00.414Z"
  }
},
{
  "model": "order.payment",
  "pk": 75,
  "fields": {
    "order": 78,
    "payment_method": "WALLET",
    "razorpay_order_id": null,
    "razorpay_payment_id": null,
    "razorpay_signature": null,
    "transaction_id": "WALLET_78",
    "amount": "698.00",
    "payment_status": "SUCCESS",
    "created_at": "2026-04-21T07:54:18.967Z"
  }
},
{
  "model": "order.payment",
  "pk": 76,
  "fields": {
    "order": 79,
    "payment_method": "WALLET",
    "razorpay_order_id": null,
    "razorpay_payment_id": null,
    "razorpay_signature": null,
    "transaction_id": "WALLET_79",
    "amount": "652.00",
    "payment_status": "SUCCESS",
    "created_at": "2026-04-21T08:15:37.186Z"
  }
},
{
  "model": "order.payment",
  "pk": 77,
  "fields": {
    "order": 80,
    "payment_method": "WALLET",
    "razorpay_order_id": null,
    "razorpay_payment_id": null,
    "razorpay_signature": null,
    "transaction_id": "WALLET_80",
    "amount": "136.00",
    "payment_status": "SUCCESS",
    "created_at": "2026-04-21T08:22:11.484Z"
  }
},
{
  "model": "order.payment",
  "pk": 78,
  "fields": {
    "order": 81,
    "payment_method": "WALLET",
    "razorpay_order_id": null,
    "razorpay_payment_id": null,
    "razorpay_signature": null,
    "transaction_id": "WALLET_81",
    "amount": "898.00",
    "payment_status": "SUCCESS",
    "created_at": "2026-04-21T08:24:12.823Z"
  }
},
{
  "model": "order.payment",
  "pk": 79,
  "fields": {
    "order": 82,
    "payment_method": "COD",
    "razorpay_order_id": null,
    "razorpay_payment_id": null,
    "razorpay_signature": null,
    "transaction_id": null,
    "amount": "1197.00",
    "payment_status": "PENDING",
    "created_at": "2026-04-21T08:28:33.208Z"
  }
},
{
  "model": "order.payment",
  "pk": 80,
  "fields": {
    "order": 83,
    "payment_method": "COD",
    "razorpay_order_id": null,
    "razorpay_payment_id": null,
    "razorpay_signature": null,
    "transaction_id": null,
    "amount": "697.00",
    "payment_status": "SUCCESS",
    "created_at": "2026-04-21T08:32:51.891Z"
  }
},
{
  "model": "order.payment",
  "pk": 81,
  "fields": {
    "order": 84,
    "payment_method": "COD",
    "razorpay_order_id": null,
    "razorpay_payment_id": null,
    "razorpay_signature": null,
    "transaction_id": null,
    "amount": "1197.00",
    "payment_status": "FAILED",
    "created_at": "2026-04-21T08:37:10.364Z"
  }
},
{
  "model": "order.payment",
  "pk": 82,
  "fields": {
    "order": 85,
    "payment_method": "COD",
    "razorpay_order_id": null,
    "razorpay_payment_id": null,
    "razorpay_signature": null,
    "transaction_id": null,
    "amount": "698.00",
    "payment_status": "SUCCESS",
    "created_at": "2026-04-21T10:26:52.895Z"
  }
},
{
  "model": "order.payment",
  "pk": 83,
  "fields": {
    "order": 86,
    "payment_method": "RAZORPAY",
    "razorpay_order_id": "order_Sg8wjcifSj34Yn",
    "razorpay_payment_id": null,
    "razorpay_signature": null,
    "transaction_id": null,
    "amount": "376.00",
    "payment_status": "FAILED",
    "created_at": "2026-04-21T12:30:15.295Z"
  }
},
{
  "model": "order.payment",
  "pk": 84,
  "fields": {
    "order": 87,
    "payment_method": "RAZORPAY",
    "razorpay_order_id": "order_Sg9lVel18659uj",
    "razorpay_payment_id": "pay_Sg9mQZ508zgQkN",
    "razorpay_signature": "a9c307e160d78d01659c7e6c66adc043dffa6ea8ecc781d7b2f2731212e1855f",
    "transaction_id": "pay_Sg9mQZ508zgQkN",
    "amount": "897.00",
    "payment_status": "SUCCESS",
    "created_at": "2026-04-21T13:16:05.145Z"
  }
},
{
  "model": "order.payment",
  "pk": 85,
  "fields": {
    "order": 88,
    "payment_method": "WALLET",
    "razorpay_order_id": null,
    "razorpay_payment_id": null,
    "razorpay_signature": null,
    "transaction_id": "WALLET_88",
    "amount": "261.00",
    "payment_status": "SUCCESS",
    "created_at": "2026-04-21T13:32:16.035Z"
  }
},
{
  "model": "order.payment",
  "pk": 86,
  "fields": {
    "order": 89,
    "payment_method": "RAZORPAY",
    "razorpay_order_id": "order_SgF5uLPPnYh6jU",
    "razorpay_payment_id": null,
    "razorpay_signature": null,
    "transaction_id": null,
    "amount": "990.00",
    "payment_status": "FAILED",
    "created_at": "2026-04-21T18:31:04.759Z"
  }
},
{
  "model": "order.payment",
  "pk": 87,
  "fields": {
    "order": 90,
    "payment_method": "RAZORPAY",
    "razorpay_order_id": "order_SgFvxM59oJTwX4",
    "razorpay_payment_id": "pay_SgFx02RyI8YR2i",
    "razorpay_signature": "17152ed4835f6a499cfd495ef3e4550f8979420f29d3b07471b1c55c8c3f5976",
    "transaction_id": "pay_SgFx02RyI8YR2i",
    "amount": "652.00",
    "payment_status": "SUCCESS",
    "created_at": "2026-04-21T19:19:32.645Z"
  }
},
{
  "model": "order.payment",
  "pk": 88,
  "fields": {
    "order": 91,
    "payment_method": "RAZORPAY",
    "razorpay_order_id": "order_SgGkaZ5KvplLfH",
    "razorpay_payment_id": null,
    "razorpay_signature": null,
    "transaction_id": null,
    "amount": "990.00",
    "payment_status": "PENDING",
    "created_at": "2026-04-21T20:03:47.611Z"
  }
},
{
  "model": "order.payment",
  "pk": 89,
  "fields": {
    "order": 92,
    "payment_method": "RAZORPAY",
    "razorpay_order_id": "order_SgGo2gcAPJ9Pnp",
    "razorpay_payment_id": "pay_SgGoFxanLWDCEc",
    "razorpay_signature": "51699d925623d302a841e452616ce15121cd27bd57b54ba2f574d881ae040b75",
    "transaction_id": "pay_SgGoFxanLWDCEc",
    "amount": "399.00",
    "payment_status": "SUCCESS",
    "created_at": "2026-04-21T20:11:12.952Z"
  }
},
{
  "model": "order.payment",
  "pk": 90,
  "fields": {
    "order": 93,
    "payment_method": "RAZORPAY",
    "razorpay_order_id": "order_SgGv1DgQ3FaFt7",
    "razorpay_payment_id": "pay_SgGvYFdfvqFYnA",
    "razorpay_signature": "4f0016e94ce1092f2257239a75a05edbc4456a03300a7a68aeef5c0a0d13cee6",
    "transaction_id": "pay_SgGvYFdfvqFYnA",
    "amount": "698.00",
    "payment_status": "SUCCESS",
    "created_at": "2026-04-21T20:17:18.835Z"
  }
},
{
  "model": "order.payment",
  "pk": 91,
  "fields": {
    "order": 94,
    "payment_method": "RAZORPAY",
    "razorpay_order_id": "order_SgGxFAc0fydIrG",
    "razorpay_payment_id": "pay_SgGxSCOCil5Etr",
    "razorpay_signature": "83bbca397483fc34c1a7da64e42420f725529630843412924c72fb662edc2ca4",
    "transaction_id": "pay_SgGxSCOCil5Etr",
    "amount": "652.00",
    "payment_status": "SUCCESS",
    "created_at": "2026-04-21T20:20:13.781Z"
  }
},
{
  "model": "order.payment",
  "pk": 92,
  "fields": {
    "order": 95,
    "payment_method": "RAZORPAY",
    "razorpay_order_id": "order_SgGyl5SqqwwYqD",
    "razorpay_payment_id": null,
    "razorpay_signature": null,
    "transaction_id": null,
    "amount": "399.00",
    "payment_status": "FAILED",
    "created_at": "2026-04-21T20:21:37.683Z"
  }
},
{
  "model": "order.payment",
  "pk": 93,
  "fields": {
    "order": 96,
    "payment_method": "RAZORPAY",
    "razorpay_order_id": "order_SgHB3W2QLMMTry",
    "razorpay_payment_id": null,
    "razorpay_signature": null,
    "transaction_id": null,
    "amount": "652.00",
    "payment_status": "PENDING",
    "created_at": "2026-04-21T20:33:05.125Z"
  }
},
{
  "model": "order.payment",
  "pk": 94,
  "fields": {
    "order": 97,
    "payment_method": "RAZORPAY",
    "razorpay_order_id": "order_SgHRPWjau6krPZ",
    "razorpay_payment_id": null,
    "razorpay_signature": null,
    "transaction_id": null,
    "amount": "1000.00",
    "payment_status": "PENDING",
    "created_at": "2026-04-21T20:48:48.756Z"
  }
},
{
  "model": "order.payment",
  "pk": 95,
  "fields": {
    "order": 98,
    "payment_method": "COD",
    "razorpay_order_id": null,
    "razorpay_payment_id": null,
    "razorpay_signature": null,
    "transaction_id": null,
    "amount": "1000.00",
    "payment_status": "SUCCESS",
    "created_at": "2026-04-21T21:00:27.738Z"
  }
},
{
  "model": "order.payment",
  "pk": 96,
  "fields": {
    "order": 99,
    "payment_method": "WALLET",
    "razorpay_order_id": null,
    "razorpay_payment_id": null,
    "razorpay_signature": null,
    "transaction_id": "WALLET_99",
    "amount": "749.20",
    "payment_status": "SUCCESS",
    "created_at": "2026-04-22T18:47:20.043Z"
  }
},
{
  "model": "order.payment",
  "pk": 97,
  "fields": {
    "order": 100,
    "payment_method": "WALLET",
    "razorpay_order_id": null,
    "razorpay_payment_id": null,
    "razorpay_signature": null,
    "transaction_id": "WALLET_100",
    "amount": "1216.08",
    "payment_status": "SUCCESS",
    "created_at": "2026-04-23T04:20:17.199Z"
  }
},
{
  "model": "order.payment",
  "pk": 98,
  "fields": {
    "order": 101,
    "payment_method": "COD",
    "razorpay_order_id": null,
    "razorpay_payment_id": null,
    "razorpay_signature": null,
    "transaction_id": null,
    "amount": "2250.00",
    "payment_status": "SUCCESS",
    "created_at": "2026-04-23T08:00:58.625Z"
  }
},
{
  "model": "order.payment",
  "pk": 99,
  "fields": {
    "order": 102,
    "payment_method": "RAZORPAY",
    "razorpay_order_id": "order_ShErscy3cCKENF",
    "razorpay_payment_id": "pay_ShEsU7dTnHkTit",
    "razorpay_signature": "29afe48a989e5766ac2516e99fe602ab45a64fbbf0406b4633051a11372b51b9",
    "transaction_id": "pay_ShEsU7dTnHkTit",
    "amount": "1296.68",
    "payment_status": "SUCCESS",
    "created_at": "2026-04-24T06:56:49.575Z"
  }
},
{
  "model": "order.payment",
  "pk": 100,
  "fields": {
    "order": 103,
    "payment_method": "WALLET",
    "razorpay_order_id": null,
    "razorpay_payment_id": null,
    "razorpay_signature": null,
    "transaction_id": "WALLET_103",
    "amount": "990.00",
    "payment_status": "SUCCESS",
    "created_at": "2026-04-24T07:04:47.436Z"
  }
},
{
  "model": "order.payment",
  "pk": 102,
  "fields": {
    "order": 105,
    "payment_method": "WALLET",
    "razorpay_order_id": null,
    "razorpay_payment_id": null,
    "razorpay_signature": null,
    "transaction_id": "WALLET_105",
    "amount": "1626.06",
    "payment_status": "SUCCESS",
    "created_at": "2026-04-24T07:24:37.258Z"
  }
},
{
  "model": "order.payment",
  "pk": 103,
  "fields": {
    "order": 106,
    "payment_method": "RAZORPAY",
    "razorpay_order_id": "order_ShaVE91UOl4DbD",
    "razorpay_payment_id": "pay_ShaVTd7ZhbvlSj",
    "razorpay_signature": "6fc3280bbd8794337ca838c292c2d1444f076f2b953f08bfbe0ce7dc1c62f4fd",
    "transaction_id": "pay_ShaVTd7ZhbvlSj",
    "amount": "1443.00",
    "payment_status": "SUCCESS",
    "created_at": "2026-04-25T04:06:38.760Z"
  }
},
{
  "model": "order.payment",
  "pk": 104,
  "fields": {
    "order": 107,
    "payment_method": "RAZORPAY",
    "razorpay_order_id": "order_ShaWzN78tolyap",
    "razorpay_payment_id": "pay_ShaXBszERbuLrO",
    "razorpay_signature": "e1c97bbe9afd59c5e51f1e00fc52f60265fa250aff17ad9289f54b2927f6a985",
    "transaction_id": "pay_ShaXBszERbuLrO",
    "amount": "1894.00",
    "payment_status": "SUCCESS",
    "created_at": "2026-04-25T04:08:18.860Z"
  }
},
{
  "model": "order.payment",
  "pk": 105,
  "fields": {
    "order": 108,
    "payment_method": "COD",
    "razorpay_order_id": null,
    "razorpay_payment_id": null,
    "razorpay_signature": null,
    "transaction_id": null,
    "amount": "855.76",
    "payment_status": "PENDING",
    "created_at": "2026-04-25T06:21:06.286Z"
  }
},
{
  "model": "order.payment",
  "pk": 106,
  "fields": {
    "order": 109,
    "payment_method": "RAZORPAY",
    "razorpay_order_id": "order_SiVIYsWXQX9YaB",
    "razorpay_payment_id": "pay_SiVIjKG5uv74q2",
    "razorpay_signature": "144abfc5dcdda99177d6e66feaa85d509879d2f9ebfc61ad2e373235e7d8d0fa",
    "transaction_id": "pay_SiVIjKG5uv74q2",
    "amount": "2958.76",
    "payment_status": "SUCCESS",
    "created_at": "2026-04-27T11:40:10.663Z"
  }
},
{
  "model": "order.payment",
  "pk": 107,
  "fields": {
    "order": 110,
    "payment_method": "RAZORPAY",
    "razorpay_order_id": "order_SicuTqsl4Xb5xM",
    "razorpay_payment_id": "pay_SicugKtIPXeFh2",
    "razorpay_signature": "c1179d070f844abadd35ba3323da1512d4062e7be6729a90ca5ebc03a6abc9aa",
    "transaction_id": "pay_SicugKtIPXeFh2",
    "amount": "4395.00",
    "payment_status": "SUCCESS",
    "created_at": "2026-04-27T19:06:55.380Z"
  }
},
{
  "model": "order.payment",
  "pk": 108,
  "fields": {
    "order": 111,
    "payment_method": "RAZORPAY",
    "razorpay_order_id": "order_SjexxskYCAB3MP",
    "razorpay_payment_id": null,
    "razorpay_signature": null,
    "transaction_id": null,
    "amount": "918.00",
    "payment_status": "PENDING",
    "created_at": "2026-04-30T09:44:43.500Z"
  }
},
{
  "model": "order.payment",
  "pk": 109,
  "fields": {
    "order": 112,
    "payment_method": "COD",
    "razorpay_order_id": null,
    "razorpay_payment_id": null,
    "razorpay_signature": null,
    "transaction_id": null,
    "amount": "918.00",
    "payment_status": "PENDING",
    "created_at": "2026-04-30T09:47:19.652Z"
  }
},
{
  "model": "order.payment",
  "pk": 110,
  "fields": {
    "order": 113,
    "payment_method": "WALLET",
    "razorpay_order_id": null,
    "razorpay_payment_id": null,
    "razorpay_signature": null,
    "transaction_id": "WALLET_113",
    "amount": "7392.00",
    "payment_status": "SUCCESS",
    "created_at": "2026-04-30T10:43:28.947Z"
  }
},
{
  "model": "order.payment",
  "pk": 111,
  "fields": {
    "order": 114,
    "payment_method": "COD",
    "razorpay_order_id": null,
    "razorpay_payment_id": null,
    "razorpay_signature": null,
    "transaction_id": null,
    "amount": "996.00",
    "payment_status": "SUCCESS",
    "created_at": "2026-05-02T09:24:01.549Z"
  }
},
{
  "model": "order.payment",
  "pk": 112,
  "fields": {
    "order": 115,
    "payment_method": "COD",
    "razorpay_order_id": null,
    "razorpay_payment_id": null,
    "razorpay_signature": null,
    "transaction_id": null,
    "amount": "990.00",
    "payment_status": "PENDING",
    "created_at": "2026-05-02T19:20:57.545Z"
  }
},
{
  "model": "order.orderstatushistory",
  "pk": 1,
  "fields": {
    "order": 4,
    "status": "CONFIRMED",
    "description": null,
    "updated_at": "2026-04-06T06:26:38.948Z"
  }
},
{
  "model": "order.orderstatushistory",
  "pk": 2,
  "fields": {
    "order": 5,
    "status": "CONFIRMED",
    "description": null,
    "updated_at": "2026-04-06T07:39:10.350Z"
  }
},
{
  "model": "order.orderstatushistory",
  "pk": 3,
  "fields": {
    "order": 6,
    "status": "CONFIRMED",
    "description": null,
    "updated_at": "2026-04-06T07:52:52.193Z"
  }
},
{
  "model": "order.orderstatushistory",
  "pk": 4,
  "fields": {
    "order": 7,
    "status": "CONFIRMED",
    "description": null,
    "updated_at": "2026-04-06T07:58:30.490Z"
  }
},
{
  "model": "order.orderstatushistory",
  "pk": 5,
  "fields": {
    "order": 8,
    "status": "CONFIRMED",
    "description": null,
    "updated_at": "2026-04-06T08:22:39.556Z"
  }
},
{
  "model": "order.orderstatushistory",
  "pk": 6,
  "fields": {
    "order": 9,
    "status": "CONFIRMED",
    "description": null,
    "updated_at": "2026-04-06T09:04:38.028Z"
  }
},
{
  "model": "order.orderstatushistory",
  "pk": 7,
  "fields": {
    "order": 6,
    "status": "ITEM_CANCELLED",
    "description": null,
    "updated_at": "2026-04-07T10:28:38.842Z"
  }
},
{
  "model": "order.orderstatushistory",
  "pk": 8,
  "fields": {
    "order": 6,
    "status": "ITEM_CANCELLED",
    "description": null,
    "updated_at": "2026-04-07T10:29:33.275Z"
  }
},
{
  "model": "order.orderstatushistory",
  "pk": 9,
  "fields": {
    "order": 6,
    "status": "ITEM_CANCELLED",
    "description": null,
    "updated_at": "2026-04-07T10:39:10.571Z"
  }
},
{
  "model": "order.orderstatushistory",
  "pk": 10,
  "fields": {
    "order": 6,
    "status": "ITEM_CANCELLED",
    "description": null,
    "updated_at": "2026-04-07T10:47:55.224Z"
  }
},
{
  "model": "order.orderstatushistory",
  "pk": 11,
  "fields": {
    "order": 5,
    "status": "CANCELLED",
    "description": null,
    "updated_at": "2026-04-07T11:34:27.857Z"
  }
},
{
  "model": "order.orderstatushistory",
  "pk": 12,
  "fields": {
    "order": 9,
    "status": "CANCELLED",
    "description": null,
    "updated_at": "2026-04-07T11:35:47.489Z"
  }
},
{
  "model": "order.orderstatushistory",
  "pk": 13,
  "fields": {
    "order": 4,
    "status": "ITEM_CANCELLED",
    "description": null,
    "updated_at": "2026-04-07T13:19:21.613Z"
  }
},
{
  "model": "order.orderstatushistory",
  "pk": 14,
  "fields": {
    "order": 10,
    "status": "CONFIRMED",
    "description": null,
    "updated_at": "2026-04-07T14:33:02.364Z"
  }
},
{
  "model": "order.orderstatushistory",
  "pk": 15,
  "fields": {
    "order": 6,
    "status": "ITEM_CANCELLED",
    "description": null,
    "updated_at": "2026-04-07T17:54:27.133Z"
  }
},
{
  "model": "order.orderstatushistory",
  "pk": 16,
  "fields": {
    "order": 10,
    "status": "ITEM_CANCELLED",
    "description": null,
    "updated_at": "2026-04-07T17:55:09.977Z"
  }
},
{
  "model": "order.orderstatushistory",
  "pk": 17,
  "fields": {
    "order": 10,
    "status": "ITEM_CANCELLED",
    "description": null,
    "updated_at": "2026-04-07T18:00:12.011Z"
  }
},
{
  "model": "order.orderstatushistory",
  "pk": 18,
  "fields": {
    "order": 10,
    "status": "ITEM_CANCELLED",
    "description": null,
    "updated_at": "2026-04-07T18:00:28.440Z"
  }
},
{
  "model": "order.orderstatushistory",
  "pk": 19,
  "fields": {
    "order": 10,
    "status": "CANCELLED",
    "description": null,
    "updated_at": "2026-04-07T18:01:16.366Z"
  }
},
{
  "model": "order.orderstatushistory",
  "pk": 20,
  "fields": {
    "order": 8,
    "status": "PROCESSING",
    "description": null,
    "updated_at": "2026-04-08T06:24:13.994Z"
  }
},
{
  "model": "order.orderstatushistory",
  "pk": 21,
  "fields": {
    "order": 8,
    "status": "SHIPPED",
    "description": null,
    "updated_at": "2026-04-08T06:24:35.367Z"
  }
},
{
  "model": "order.orderstatushistory",
  "pk": 22,
  "fields": {
    "order": 8,
    "status": "OUT_FOR_DELIVERY",
    "description": null,
    "updated_at": "2026-04-08T06:26:04.500Z"
  }
},
{
  "model": "order.orderstatushistory",
  "pk": 23,
  "fields": {
    "order": 8,
    "status": "DELIVERED",
    "description": null,
    "updated_at": "2026-04-08T06:28:30.659Z"
  }
},
{
  "model": "order.orderstatushistory",
  "pk": 24,
  "fields": {
    "order": 4,
    "status": "PROCESSING",
    "description": null,
    "updated_at": "2026-04-08T09:57:39.936Z"
  }
},
{
  "model": "order.orderstatushistory",
  "pk": 25,
  "fields": {
    "order": 11,
    "status": "CONFIRMED",
    "description": null,
    "updated_at": "2026-04-08T12:21:10.056Z"
  }
},
{
  "model": "order.orderstatushistory",
  "pk": 26,
  "fields": {
    "order": 11,
    "status": "ITEM_CANCELLED",
    "description": null,
    "updated_at": "2026-04-08T12:25:19.391Z"
  }
},
{
  "model": "order.orderstatushistory",
  "pk": 27,
  "fields": {
    "order": 11,
    "status": "PROCESSING",
    "description": null,
    "updated_at": "2026-04-08T12:26:44.600Z"
  }
},
{
  "model": "order.orderstatushistory",
  "pk": 28,
  "fields": {
    "order": 11,
    "status": "CANCELLED",
    "description": null,
    "updated_at": "2026-04-08T12:27:02.164Z"
  }
},
{
  "model": "order.orderstatushistory",
  "pk": 29,
  "fields": {
    "order": 7,
    "status": "PROCESSING",
    "description": null,
    "updated_at": "2026-04-08T15:34:57.958Z"
  }
},
{
  "model": "order.orderstatushistory",
  "pk": 30,
  "fields": {
    "order": 7,
    "status": "SHIPPED",
    "description": null,
    "updated_at": "2026-04-08T15:35:00.492Z"
  }
},
{
  "model": "order.orderstatushistory",
  "pk": 31,
  "fields": {
    "order": 7,
    "status": "OUT_FOR_DELIVERY",
    "description": null,
    "updated_at": "2026-04-08T15:35:02.323Z"
  }
},
{
  "model": "order.orderstatushistory",
  "pk": 32,
  "fields": {
    "order": 7,
    "status": "DELIVERED",
    "description": null,
    "updated_at": "2026-04-08T15:35:08.120Z"
  }
},
{
  "model": "order.orderstatushistory",
  "pk": 33,
  "fields": {
    "order": 4,
    "status": "SHIPPED",
    "description": null,
    "updated_at": "2026-04-08T21:17:12.810Z"
  }
},
{
  "model": "order.orderstatushistory",
  "pk": 34,
  "fields": {
    "order": 4,
    "status": "OUT_FOR_DELIVERY",
    "description": null,
    "updated_at": "2026-04-08T21:17:18.630Z"
  }
},
{
  "model": "order.orderstatushistory",
  "pk": 35,
  "fields": {
    "order": 4,
    "status": "DELIVERED",
    "description": null,
    "updated_at": "2026-04-08T21:17:26.792Z"
  }
},
{
  "model": "order.orderstatushistory",
  "pk": 36,
  "fields": {
    "order": 4,
    "status": "DELIVERED",
    "description": null,
    "updated_at": "2026-04-08T21:17:30.553Z"
  }
},
{
  "model": "order.orderstatushistory",
  "pk": 37,
  "fields": {
    "order": 12,
    "status": "CONFIRMED",
    "description": null,
    "updated_at": "2026-04-08T21:20:06.659Z"
  }
},
{
  "model": "order.orderstatushistory",
  "pk": 38,
  "fields": {
    "order": 12,
    "status": "PROCESSING",
    "description": null,
    "updated_at": "2026-04-08T21:20:33.245Z"
  }
},
{
  "model": "order.orderstatushistory",
  "pk": 39,
  "fields": {
    "order": 12,
    "status": "SHIPPED",
    "description": null,
    "updated_at": "2026-04-08T21:20:37.187Z"
  }
},
{
  "model": "order.orderstatushistory",
  "pk": 40,
  "fields": {
    "order": 12,
    "status": "OUT_FOR_DELIVERY",
    "description": null,
    "updated_at": "2026-04-08T21:20:41.353Z"
  }
},
{
  "model": "order.orderstatushistory",
  "pk": 41,
  "fields": {
    "order": 12,
    "status": "DELIVERED",
    "description": null,
    "updated_at": "2026-04-08T21:20:48.823Z"
  }
},
{
  "model": "order.orderstatushistory",
  "pk": 42,
  "fields": {
    "order": 12,
    "status": "DELIVERED",
    "description": null,
    "updated_at": "2026-04-08T21:20:52.573Z"
  }
},
{
  "model": "order.orderstatushistory",
  "pk": 43,
  "fields": {
    "order": 12,
    "status": "DELIVERED",
    "description": null,
    "updated_at": "2026-04-08T21:20:56.361Z"
  }
},
{
  "model": "order.orderstatushistory",
  "pk": 44,
  "fields": {
    "order": 6,
    "status": "PROCESSING",
    "description": null,
    "updated_at": "2026-04-08T21:25:53.502Z"
  }
},
{
  "model": "order.orderstatushistory",
  "pk": 45,
  "fields": {
    "order": 6,
    "status": "SHIPPED",
    "description": null,
    "updated_at": "2026-04-08T21:25:57.536Z"
  }
},
{
  "model": "order.orderstatushistory",
  "pk": 46,
  "fields": {
    "order": 6,
    "status": "OUT_FOR_DELIVERY",
    "description": null,
    "updated_at": "2026-04-08T21:26:01.355Z"
  }
},
{
  "model": "order.orderstatushistory",
  "pk": 47,
  "fields": {
    "order": 6,
    "status": "DELIVERED",
    "description": null,
    "updated_at": "2026-04-08T21:26:09.151Z"
  }
},
{
  "model": "order.orderstatushistory",
  "pk": 48,
  "fields": {
    "order": 13,
    "status": "CONFIRMED",
    "description": null,
    "updated_at": "2026-04-09T03:43:57.609Z"
  }
},
{
  "model": "order.orderstatushistory",
  "pk": 49,
  "fields": {
    "order": 13,
    "status": "ITEM_CANCELLED",
    "description": null,
    "updated_at": "2026-04-09T03:44:31.692Z"
  }
},
{
  "model": "order.orderstatushistory",
  "pk": 50,
  "fields": {
    "order": 13,
    "status": "PROCESSING",
    "description": null,
    "updated_at": "2026-04-09T03:45:29.081Z"
  }
},
{
  "model": "order.orderstatushistory",
  "pk": 51,
  "fields": {
    "order": 13,
    "status": "SHIPPED",
    "description": null,
    "updated_at": "2026-04-09T03:45:34.331Z"
  }
},
{
  "model": "order.orderstatushistory",
  "pk": 52,
  "fields": {
    "order": 13,
    "status": "OUT_FOR_DELIVERY",
    "description": null,
    "updated_at": "2026-04-09T03:45:38.548Z"
  }
},
{
  "model": "order.orderstatushistory",
  "pk": 53,
  "fields": {
    "order": 13,
    "status": "DELIVERED",
    "description": null,
    "updated_at": "2026-04-09T03:45:45.699Z"
  }
},
{
  "model": "order.orderstatushistory",
  "pk": 54,
  "fields": {
    "order": 14,
    "status": "CONFIRMED",
    "description": null,
    "updated_at": "2026-04-09T18:58:52.772Z"
  }
},
{
  "model": "order.orderstatushistory",
  "pk": 55,
  "fields": {
    "order": 15,
    "status": "CONFIRMED",
    "description": null,
    "updated_at": "2026-04-09T19:03:03.395Z"
  }
},
{
  "model": "order.orderstatushistory",
  "pk": 56,
  "fields": {
    "order": 16,
    "status": "CONFIRMED",
    "description": null,
    "updated_at": "2026-04-09T19:06:40.134Z"
  }
},
{
  "model": "order.orderstatushistory",
  "pk": 57,
  "fields": {
    "order": 17,
    "status": "CONFIRMED",
    "description": null,
    "updated_at": "2026-04-09T19:14:18.852Z"
  }
},
{
  "model": "order.orderstatushistory",
  "pk": 58,
  "fields": {
    "order": 17,
    "status": "CANCELLED",
    "description": null,
    "updated_at": "2026-04-09T19:34:05.234Z"
  }
},
{
  "model": "order.orderstatushistory",
  "pk": 59,
  "fields": {
    "order": 16,
    "status": "PROCESSING",
    "description": null,
    "updated_at": "2026-04-09T19:59:31.146Z"
  }
},
{
  "model": "order.orderstatushistory",
  "pk": 60,
  "fields": {
    "order": 16,
    "status": "SHIPPED",
    "description": null,
    "updated_at": "2026-04-09T19:59:35.825Z"
  }
},
{
  "model": "order.orderstatushistory",
  "pk": 61,
  "fields": {
    "order": 16,
    "status": "OUT_FOR_DELIVERY",
    "description": null,
    "updated_at": "2026-04-09T19:59:40.124Z"
  }
},
{
  "model": "order.orderstatushistory",
  "pk": 62,
  "fields": {
    "order": 16,
    "status": "DELIVERED",
    "description": null,
    "updated_at": "2026-04-09T20:00:03.357Z"
  }
},
{
  "model": "order.orderstatushistory",
  "pk": 63,
  "fields": {
    "order": 14,
    "status": "PROCESSING",
    "description": null,
    "updated_at": "2026-04-09T20:04:37.314Z"
  }
},
{
  "model": "order.orderstatushistory",
  "pk": 64,
  "fields": {
    "order": 14,
    "status": "SHIPPED",
    "description": null,
    "updated_at": "2026-04-09T20:04:41.249Z"
  }
},
{
  "model": "order.orderstatushistory",
  "pk": 65,
  "fields": {
    "order": 14,
    "status": "OUT_FOR_DELIVERY",
    "description": null,
    "updated_at": "2026-04-09T20:04:45.054Z"
  }
},
{
  "model": "order.orderstatushistory",
  "pk": 66,
  "fields": {
    "order": 14,
    "status": "DELIVERED",
    "description": null,
    "updated_at": "2026-04-09T20:04:54.068Z"
  }
},
{
  "model": "order.orderstatushistory",
  "pk": 67,
  "fields": {
    "order": 15,
    "status": "PROCESSING",
    "description": null,
    "updated_at": "2026-04-09T20:19:39.070Z"
  }
},
{
  "model": "order.orderstatushistory",
  "pk": 68,
  "fields": {
    "order": 15,
    "status": "SHIPPED",
    "description": null,
    "updated_at": "2026-04-09T20:19:43.611Z"
  }
},
{
  "model": "order.orderstatushistory",
  "pk": 69,
  "fields": {
    "order": 15,
    "status": "OUT_FOR_DELIVERY",
    "description": null,
    "updated_at": "2026-04-09T20:19:48.647Z"
  }
},
{
  "model": "order.orderstatushistory",
  "pk": 70,
  "fields": {
    "order": 15,
    "status": "DELIVERED",
    "description": null,
    "updated_at": "2026-04-09T20:19:58.843Z"
  }
},
{
  "model": "order.orderstatushistory",
  "pk": 106,
  "fields": {
    "order": 48,
    "status": "PENDING",
    "description": null,
    "updated_at": "2026-04-20T06:20:31.482Z"
  }
},
{
  "model": "order.orderstatushistory",
  "pk": 107,
  "fields": {
    "order": 48,
    "status": "CONFIRMED",
    "description": null,
    "updated_at": "2026-04-20T06:20:31.488Z"
  }
},
{
  "model": "order.orderstatushistory",
  "pk": 108,
  "fields": {
    "order": 49,
    "status": "PENDING",
    "description": null,
    "updated_at": "2026-04-20T06:44:48.118Z"
  }
},
{
  "model": "order.orderstatushistory",
  "pk": 109,
  "fields": {
    "order": 49,
    "status": "CONFIRMED",
    "description": null,
    "updated_at": "2026-04-20T06:49:30.486Z"
  }
},
{
  "model": "order.orderstatushistory",
  "pk": 110,
  "fields": {
    "order": 50,
    "status": "PENDING",
    "description": null,
    "updated_at": "2026-04-20T06:56:04.817Z"
  }
},
{
  "model": "order.orderstatushistory",
  "pk": 111,
  "fields": {
    "order": 50,
    "status": "CONFIRMED",
    "description": null,
    "updated_at": "2026-04-20T06:56:04.825Z"
  }
},
{
  "model": "order.orderstatushistory",
  "pk": 112,
  "fields": {
    "order": 51,
    "status": "PENDING",
    "description": null,
    "updated_at": "2026-04-20T07:12:05.205Z"
  }
},
{
  "model": "order.orderstatushistory",
  "pk": 113,
  "fields": {
    "order": 52,
    "status": "PENDING",
    "description": null,
    "updated_at": "2026-04-20T07:14:25.945Z"
  }
},
{
  "model": "order.orderstatushistory",
  "pk": 114,
  "fields": {
    "order": 52,
    "status": "CONFIRMED",
    "description": null,
    "updated_at": "2026-04-20T07:14:38.959Z"
  }
},
{
  "model": "order.orderstatushistory",
  "pk": 115,
  "fields": {
    "order": 53,
    "status": "PENDING",
    "description": null,
    "updated_at": "2026-04-20T10:14:27.478Z"
  }
},
{
  "model": "order.orderstatushistory",
  "pk": 116,
  "fields": {
    "order": 53,
    "status": "CANCELLED",
    "description": null,
    "updated_at": "2026-04-20T10:19:27.579Z"
  }
},
{
  "model": "order.orderstatushistory",
  "pk": 117,
  "fields": {
    "order": 54,
    "status": "PENDING",
    "description": null,
    "updated_at": "2026-04-20T10:20:24.350Z"
  }
},
{
  "model": "order.orderstatushistory",
  "pk": 118,
  "fields": {
    "order": 54,
    "status": "CONFIRMED",
    "description": null,
    "updated_at": "2026-04-20T10:21:01.339Z"
  }
},
{
  "model": "order.orderstatushistory",
  "pk": 119,
  "fields": {
    "order": 55,
    "status": "PENDING",
    "description": null,
    "updated_at": "2026-04-20T10:25:16.274Z"
  }
},
{
  "model": "order.orderstatushistory",
  "pk": 120,
  "fields": {
    "order": 55,
    "status": "CANCELLED",
    "description": null,
    "updated_at": "2026-04-20T10:30:16.838Z"
  }
},
{
  "model": "order.orderstatushistory",
  "pk": 121,
  "fields": {
    "order": 56,
    "status": "PENDING",
    "description": null,
    "updated_at": "2026-04-20T10:39:32.359Z"
  }
},
{
  "model": "order.orderstatushistory",
  "pk": 122,
  "fields": {
    "order": 56,
    "status": "CANCELLED",
    "description": null,
    "updated_at": "2026-04-20T10:44:33.091Z"
  }
},
{
  "model": "order.orderstatushistory",
  "pk": 123,
  "fields": {
    "order": 57,
    "status": "PENDING",
    "description": null,
    "updated_at": "2026-04-20T10:45:28.623Z"
  }
},
{
  "model": "order.orderstatushistory",
  "pk": 124,
  "fields": {
    "order": 57,
    "status": "CANCELLED",
    "description": null,
    "updated_at": "2026-04-20T10:50:29.023Z"
  }
},
{
  "model": "order.orderstatushistory",
  "pk": 125,
  "fields": {
    "order": 58,
    "status": "PENDING",
    "description": null,
    "updated_at": "2026-04-20T11:01:36.645Z"
  }
},
{
  "model": "order.orderstatushistory",
  "pk": 126,
  "fields": {
    "order": 58,
    "status": "CANCELLED",
    "description": null,
    "updated_at": "2026-04-20T11:06:37.884Z"
  }
},
{
  "model": "order.orderstatushistory",
  "pk": 127,
  "fields": {
    "order": 59,
    "status": "PENDING",
    "description": null,
    "updated_at": "2026-04-20T11:20:01.557Z"
  }
},
{
  "model": "order.orderstatushistory",
  "pk": 128,
  "fields": {
    "order": 60,
    "status": "PENDING",
    "description": null,
    "updated_at": "2026-04-20T11:36:28.173Z"
  }
},
{
  "model": "order.orderstatushistory",
  "pk": 129,
  "fields": {
    "order": 60,
    "status": "CANCELLED",
    "description": null,
    "updated_at": "2026-04-20T11:41:29.639Z"
  }
},
{
  "model": "order.orderstatushistory",
  "pk": 130,
  "fields": {
    "order": 61,
    "status": "PENDING",
    "description": null,
    "updated_at": "2026-04-20T12:04:17.403Z"
  }
},
{
  "model": "order.orderstatushistory",
  "pk": 131,
  "fields": {
    "order": 61,
    "status": "CANCELLED",
    "description": null,
    "updated_at": "2026-04-20T12:09:30.959Z"
  }
},
{
  "model": "order.orderstatushistory",
  "pk": 132,
  "fields": {
    "order": 62,
    "status": "PENDING",
    "description": null,
    "updated_at": "2026-04-20T12:10:42.346Z"
  }
},
{
  "model": "order.orderstatushistory",
  "pk": 133,
  "fields": {
    "order": 62,
    "status": "CANCELLED",
    "description": null,
    "updated_at": "2026-04-20T12:21:15.002Z"
  }
},
{
  "model": "order.orderstatushistory",
  "pk": 134,
  "fields": {
    "order": 63,
    "status": "PENDING",
    "description": null,
    "updated_at": "2026-04-20T12:22:41.186Z"
  }
},
{
  "model": "order.orderstatushistory",
  "pk": 135,
  "fields": {
    "order": 63,
    "status": "CANCELLED",
    "description": null,
    "updated_at": "2026-04-20T12:40:42.414Z"
  }
},
{
  "model": "order.orderstatushistory",
  "pk": 136,
  "fields": {
    "order": 64,
    "status": "PENDING",
    "description": null,
    "updated_at": "2026-04-20T12:40:57.867Z"
  }
},
{
  "model": "order.orderstatushistory",
  "pk": 137,
  "fields": {
    "order": 65,
    "status": "PENDING",
    "description": null,
    "updated_at": "2026-04-20T12:42:40.836Z"
  }
},
{
  "model": "order.orderstatushistory",
  "pk": 138,
  "fields": {
    "order": 66,
    "status": "PENDING",
    "description": null,
    "updated_at": "2026-04-20T12:44:45.271Z"
  }
},
{
  "model": "order.orderstatushistory",
  "pk": 139,
  "fields": {
    "order": 66,
    "status": "CANCELLED",
    "description": null,
    "updated_at": "2026-04-20T12:54:33.354Z"
  }
},
{
  "model": "order.orderstatushistory",
  "pk": 140,
  "fields": {
    "order": 67,
    "status": "PENDING",
    "description": null,
    "updated_at": "2026-04-20T12:54:47.415Z"
  }
},
{
  "model": "order.orderstatushistory",
  "pk": 141,
  "fields": {
    "order": 67,
    "status": "CANCELLED",
    "description": null,
    "updated_at": "2026-04-20T13:06:48.362Z"
  }
},
{
  "model": "order.orderstatushistory",
  "pk": 142,
  "fields": {
    "order": 68,
    "status": "PENDING",
    "description": null,
    "updated_at": "2026-04-20T13:07:02.756Z"
  }
},
{
  "model": "order.orderstatushistory",
  "pk": 143,
  "fields": {
    "order": 69,
    "status": "PENDING",
    "description": null,
    "updated_at": "2026-04-20T13:19:34.385Z"
  }
},
{
  "model": "order.orderstatushistory",
  "pk": 144,
  "fields": {
    "order": 69,
    "status": "CANCELLED",
    "description": null,
    "updated_at": "2026-04-20T13:24:52.355Z"
  }
},
{
  "model": "order.orderstatushistory",
  "pk": 145,
  "fields": {
    "order": 70,
    "status": "PENDING",
    "description": null,
    "updated_at": "2026-04-20T13:25:13.098Z"
  }
},
{
  "model": "order.orderstatushistory",
  "pk": 146,
  "fields": {
    "order": 70,
    "status": "CANCELLED",
    "description": null,
    "updated_at": "2026-04-20T13:36:52.029Z"
  }
},
{
  "model": "order.orderstatushistory",
  "pk": 147,
  "fields": {
    "order": 71,
    "status": "PENDING",
    "description": null,
    "updated_at": "2026-04-20T13:38:22.105Z"
  }
},
{
  "model": "order.orderstatushistory",
  "pk": 148,
  "fields": {
    "order": 71,
    "status": "CANCELLED",
    "description": null,
    "updated_at": "2026-04-20T14:04:32.818Z"
  }
},
{
  "model": "order.orderstatushistory",
  "pk": 149,
  "fields": {
    "order": 72,
    "status": "PENDING",
    "description": null,
    "updated_at": "2026-04-20T14:05:12.205Z"
  }
},
{
  "model": "order.orderstatushistory",
  "pk": 150,
  "fields": {
    "order": 72,
    "status": "CONFIRMED",
    "description": null,
    "updated_at": "2026-04-20T14:05:54.842Z"
  }
},
{
  "model": "order.orderstatushistory",
  "pk": 151,
  "fields": {
    "order": 73,
    "status": "PENDING",
    "description": null,
    "updated_at": "2026-04-20T14:06:47.341Z"
  }
},
{
  "model": "order.orderstatushistory",
  "pk": 152,
  "fields": {
    "order": 73,
    "status": "CONFIRMED",
    "description": null,
    "updated_at": "2026-04-20T14:07:50.756Z"
  }
},
{
  "model": "order.orderstatushistory",
  "pk": 153,
  "fields": {
    "order": 74,
    "status": "PENDING",
    "description": null,
    "updated_at": "2026-04-20T14:59:30.739Z"
  }
},
{
  "model": "order.orderstatushistory",
  "pk": 154,
  "fields": {
    "order": 74,
    "status": "CANCELLED",
    "description": null,
    "updated_at": "2026-04-20T15:04:31.193Z"
  }
},
{
  "model": "order.orderstatushistory",
  "pk": 155,
  "fields": {
    "order": 75,
    "status": "PENDING",
    "description": null,
    "updated_at": "2026-04-20T15:05:26.822Z"
  }
},
{
  "model": "order.orderstatushistory",
  "pk": 156,
  "fields": {
    "order": 75,
    "status": "CONFIRMED",
    "description": null,
    "updated_at": "2026-04-20T15:06:56.237Z"
  }
},
{
  "model": "order.orderstatushistory",
  "pk": 157,
  "fields": {
    "order": 76,
    "status": "PENDING",
    "description": null,
    "updated_at": "2026-04-20T15:23:15.032Z"
  }
},
{
  "model": "order.orderstatushistory",
  "pk": 158,
  "fields": {
    "order": 76,
    "status": "CONFIRMED",
    "description": null,
    "updated_at": "2026-04-20T15:23:15.042Z"
  }
},
{
  "model": "order.orderstatushistory",
  "pk": 159,
  "fields": {
    "order": 76,
    "status": "PROCESSING",
    "description": null,
    "updated_at": "2026-04-20T15:26:41.835Z"
  }
},
{
  "model": "order.orderstatushistory",
  "pk": 160,
  "fields": {
    "order": 77,
    "status": "PENDING",
    "description": null,
    "updated_at": "2026-04-21T06:13:00.419Z"
  }
},
{
  "model": "order.orderstatushistory",
  "pk": 161,
  "fields": {
    "order": 77,
    "status": "CONFIRMED",
    "description": null,
    "updated_at": "2026-04-21T06:13:33.422Z"
  }
},
{
  "model": "order.orderstatushistory",
  "pk": 162,
  "fields": {
    "order": 78,
    "status": "PENDING",
    "description": null,
    "updated_at": "2026-04-21T07:54:18.972Z"
  }
},
{
  "model": "order.orderstatushistory",
  "pk": 163,
  "fields": {
    "order": 78,
    "status": "CONFIRMED",
    "description": null,
    "updated_at": "2026-04-21T07:54:19.157Z"
  }
},
{
  "model": "order.orderstatushistory",
  "pk": 164,
  "fields": {
    "order": 79,
    "status": "PENDING",
    "description": null,
    "updated_at": "2026-04-21T08:15:37.189Z"
  }
},
{
  "model": "order.orderstatushistory",
  "pk": 165,
  "fields": {
    "order": 79,
    "status": "CONFIRMED",
    "description": null,
    "updated_at": "2026-04-21T08:15:37.273Z"
  }
},
{
  "model": "order.orderstatushistory",
  "pk": 166,
  "fields": {
    "order": 80,
    "status": "PENDING",
    "description": null,
    "updated_at": "2026-04-21T08:22:11.485Z"
  }
},
{
  "model": "order.orderstatushistory",
  "pk": 167,
  "fields": {
    "order": 80,
    "status": "CONFIRMED",
    "description": null,
    "updated_at": "2026-04-21T08:22:11.554Z"
  }
},
{
  "model": "order.orderstatushistory",
  "pk": 168,
  "fields": {
    "order": 81,
    "status": "PENDING",
    "description": null,
    "updated_at": "2026-04-21T08:24:12.825Z"
  }
},
{
  "model": "order.orderstatushistory",
  "pk": 169,
  "fields": {
    "order": 81,
    "status": "CONFIRMED",
    "description": null,
    "updated_at": "2026-04-21T08:24:12.976Z"
  }
},
{
  "model": "order.orderstatushistory",
  "pk": 170,
  "fields": {
    "order": 82,
    "status": "PENDING",
    "description": null,
    "updated_at": "2026-04-21T08:28:33.212Z"
  }
},
{
  "model": "order.orderstatushistory",
  "pk": 171,
  "fields": {
    "order": 82,
    "status": "CONFIRMED",
    "description": null,
    "updated_at": "2026-04-21T08:28:33.221Z"
  }
},
{
  "model": "order.orderstatushistory",
  "pk": 172,
  "fields": {
    "order": 83,
    "status": "PENDING",
    "description": null,
    "updated_at": "2026-04-21T08:32:51.892Z"
  }
},
{
  "model": "order.orderstatushistory",
  "pk": 173,
  "fields": {
    "order": 83,
    "status": "CONFIRMED",
    "description": null,
    "updated_at": "2026-04-21T08:32:51.897Z"
  }
},
{
  "model": "order.orderstatushistory",
  "pk": 174,
  "fields": {
    "order": 84,
    "status": "PENDING",
    "description": null,
    "updated_at": "2026-04-21T08:37:10.366Z"
  }
},
{
  "model": "order.orderstatushistory",
  "pk": 175,
  "fields": {
    "order": 84,
    "status": "CONFIRMED",
    "description": null,
    "updated_at": "2026-04-21T08:37:10.369Z"
  }
},
{
  "model": "order.orderstatushistory",
  "pk": 176,
  "fields": {
    "order": 83,
    "status": "PROCESSING",
    "description": null,
    "updated_at": "2026-04-21T09:48:09.069Z"
  }
},
{
  "model": "order.orderstatushistory",
  "pk": 177,
  "fields": {
    "order": 83,
    "status": "SHIPPED",
    "description": null,
    "updated_at": "2026-04-21T09:48:11.114Z"
  }
},
{
  "model": "order.orderstatushistory",
  "pk": 178,
  "fields": {
    "order": 83,
    "status": "OUT_FOR_DELIVERY",
    "description": null,
    "updated_at": "2026-04-21T09:48:12.848Z"
  }
},
{
  "model": "order.orderstatushistory",
  "pk": 179,
  "fields": {
    "order": 83,
    "status": "DELIVERED",
    "description": null,
    "updated_at": "2026-04-21T09:48:20.022Z"
  }
},
{
  "model": "order.orderstatushistory",
  "pk": 180,
  "fields": {
    "order": 83,
    "status": "DELIVERED",
    "description": null,
    "updated_at": "2026-04-21T09:48:24.791Z"
  }
},
{
  "model": "order.orderstatushistory",
  "pk": 181,
  "fields": {
    "order": 85,
    "status": "PENDING",
    "description": null,
    "updated_at": "2026-04-21T10:26:52.897Z"
  }
},
{
  "model": "order.orderstatushistory",
  "pk": 182,
  "fields": {
    "order": 85,
    "status": "CONFIRMED",
    "description": null,
    "updated_at": "2026-04-21T10:26:52.905Z"
  }
},
{
  "model": "order.orderstatushistory",
  "pk": 183,
  "fields": {
    "order": 84,
    "status": "CANCELLED",
    "description": null,
    "updated_at": "2026-04-21T11:59:49.940Z"
  }
},
{
  "model": "order.orderstatushistory",
  "pk": 184,
  "fields": {
    "order": 80,
    "status": "CANCELLED",
    "description": null,
    "updated_at": "2026-04-21T12:03:28.712Z"
  }
},
{
  "model": "order.orderstatushistory",
  "pk": 185,
  "fields": {
    "order": 86,
    "status": "PENDING",
    "description": null,
    "updated_at": "2026-04-21T12:30:15.299Z"
  }
},
{
  "model": "order.orderstatushistory",
  "pk": 186,
  "fields": {
    "order": 86,
    "status": "CANCELLED",
    "description": null,
    "updated_at": "2026-04-21T12:35:15.127Z"
  }
},
{
  "model": "order.orderstatushistory",
  "pk": 187,
  "fields": {
    "order": 79,
    "status": "ITEM_CANCELLED",
    "description": null,
    "updated_at": "2026-04-21T12:37:53.671Z"
  }
},
{
  "model": "order.orderstatushistory",
  "pk": 188,
  "fields": {
    "order": 87,
    "status": "PENDING",
    "description": null,
    "updated_at": "2026-04-21T13:16:05.148Z"
  }
},
{
  "model": "order.orderstatushistory",
  "pk": 189,
  "fields": {
    "order": 87,
    "status": "CONFIRMED",
    "description": null,
    "updated_at": "2026-04-21T13:19:31.843Z"
  }
},
{
  "model": "order.orderstatushistory",
  "pk": 190,
  "fields": {
    "order": 87,
    "status": "PROCESSING",
    "description": null,
    "updated_at": "2026-04-21T13:20:52.575Z"
  }
},
{
  "model": "order.orderstatushistory",
  "pk": 191,
  "fields": {
    "order": 87,
    "status": "SHIPPED",
    "description": null,
    "updated_at": "2026-04-21T13:20:57.381Z"
  }
},
{
  "model": "order.orderstatushistory",
  "pk": 192,
  "fields": {
    "order": 87,
    "status": "OUT_FOR_DELIVERY",
    "description": null,
    "updated_at": "2026-04-21T13:21:01.799Z"
  }
},
{
  "model": "order.orderstatushistory",
  "pk": 193,
  "fields": {
    "order": 87,
    "status": "DELIVERED",
    "description": null,
    "updated_at": "2026-04-21T13:21:08.728Z"
  }
},
{
  "model": "order.orderstatushistory",
  "pk": 194,
  "fields": {
    "order": 88,
    "status": "PENDING",
    "description": null,
    "updated_at": "2026-04-21T13:32:16.054Z"
  }
},
{
  "model": "order.orderstatushistory",
  "pk": 195,
  "fields": {
    "order": 88,
    "status": "CONFIRMED",
    "description": null,
    "updated_at": "2026-04-21T13:32:16.174Z"
  }
},
{
  "model": "order.orderstatushistory",
  "pk": 196,
  "fields": {
    "order": 88,
    "status": "PROCESSING",
    "description": null,
    "updated_at": "2026-04-21T13:33:53.458Z"
  }
},
{
  "model": "order.orderstatushistory",
  "pk": 197,
  "fields": {
    "order": 88,
    "status": "SHIPPED",
    "description": null,
    "updated_at": "2026-04-21T13:33:58.476Z"
  }
},
{
  "model": "order.orderstatushistory",
  "pk": 198,
  "fields": {
    "order": 88,
    "status": "OUT_FOR_DELIVERY",
    "description": null,
    "updated_at": "2026-04-21T13:34:01.341Z"
  }
},
{
  "model": "order.orderstatushistory",
  "pk": 199,
  "fields": {
    "order": 88,
    "status": "DELIVERED",
    "description": null,
    "updated_at": "2026-04-21T13:34:09.315Z"
  }
},
{
  "model": "order.orderstatushistory",
  "pk": 200,
  "fields": {
    "order": 85,
    "status": "PROCESSING",
    "description": null,
    "updated_at": "2026-04-21T15:23:49.387Z"
  }
},
{
  "model": "order.orderstatushistory",
  "pk": 201,
  "fields": {
    "order": 85,
    "status": "SHIPPED",
    "description": null,
    "updated_at": "2026-04-21T15:23:51.525Z"
  }
},
{
  "model": "order.orderstatushistory",
  "pk": 202,
  "fields": {
    "order": 85,
    "status": "OUT_FOR_DELIVERY",
    "description": null,
    "updated_at": "2026-04-21T15:23:54.629Z"
  }
},
{
  "model": "order.orderstatushistory",
  "pk": 203,
  "fields": {
    "order": 85,
    "status": "DELIVERED",
    "description": null,
    "updated_at": "2026-04-21T15:24:15.717Z"
  }
},
{
  "model": "order.orderstatushistory",
  "pk": 204,
  "fields": {
    "order": 81,
    "status": "PROCESSING",
    "description": null,
    "updated_at": "2026-04-21T15:30:49.013Z"
  }
},
{
  "model": "order.orderstatushistory",
  "pk": 205,
  "fields": {
    "order": 81,
    "status": "SHIPPED",
    "description": null,
    "updated_at": "2026-04-21T15:30:52.164Z"
  }
},
{
  "model": "order.orderstatushistory",
  "pk": 206,
  "fields": {
    "order": 81,
    "status": "OUT_FOR_DELIVERY",
    "description": null,
    "updated_at": "2026-04-21T15:30:55.062Z"
  }
},
{
  "model": "order.orderstatushistory",
  "pk": 207,
  "fields": {
    "order": 81,
    "status": "DELIVERED",
    "description": null,
    "updated_at": "2026-04-21T15:31:01.992Z"
  }
},
{
  "model": "order.orderstatushistory",
  "pk": 208,
  "fields": {
    "order": 78,
    "status": "CANCELLED",
    "description": null,
    "updated_at": "2026-04-21T17:50:36.372Z"
  }
},
{
  "model": "order.orderstatushistory",
  "pk": 209,
  "fields": {
    "order": 89,
    "status": "PENDING",
    "description": null,
    "updated_at": "2026-04-21T18:31:04.778Z"
  }
},
{
  "model": "order.orderstatushistory",
  "pk": 210,
  "fields": {
    "order": 89,
    "status": "CANCELLED",
    "description": null,
    "updated_at": "2026-04-21T18:52:39.098Z"
  }
},
{
  "model": "order.orderstatushistory",
  "pk": 211,
  "fields": {
    "order": 90,
    "status": "PENDING",
    "description": null,
    "updated_at": "2026-04-21T19:19:32.649Z"
  }
},
{
  "model": "order.orderstatushistory",
  "pk": 212,
  "fields": {
    "order": 90,
    "status": "CONFIRMED",
    "description": null,
    "updated_at": "2026-04-21T19:22:41.793Z"
  }
},
{
  "model": "order.orderstatushistory",
  "pk": 213,
  "fields": {
    "order": 91,
    "status": "PENDING",
    "description": null,
    "updated_at": "2026-04-21T20:03:47.613Z"
  }
},
{
  "model": "order.orderstatushistory",
  "pk": 214,
  "fields": {
    "order": 91,
    "status": "CANCELLED",
    "description": null,
    "updated_at": "2026-04-21T20:08:48.448Z"
  }
},
{
  "model": "order.orderstatushistory",
  "pk": 215,
  "fields": {
    "order": 92,
    "status": "PENDING",
    "description": null,
    "updated_at": "2026-04-21T20:11:12.955Z"
  }
},
{
  "model": "order.orderstatushistory",
  "pk": 216,
  "fields": {
    "order": 92,
    "status": "CONFIRMED",
    "description": null,
    "updated_at": "2026-04-21T20:12:17.602Z"
  }
},
{
  "model": "order.orderstatushistory",
  "pk": 217,
  "fields": {
    "order": 93,
    "status": "PENDING",
    "description": null,
    "updated_at": "2026-04-21T20:17:18.837Z"
  }
},
{
  "model": "order.orderstatushistory",
  "pk": 218,
  "fields": {
    "order": 93,
    "status": "CONFIRMED",
    "description": null,
    "updated_at": "2026-04-21T20:18:58.188Z"
  }
},
{
  "model": "order.orderstatushistory",
  "pk": 219,
  "fields": {
    "order": 94,
    "status": "PENDING",
    "description": null,
    "updated_at": "2026-04-21T20:20:13.783Z"
  }
},
{
  "model": "order.orderstatushistory",
  "pk": 220,
  "fields": {
    "order": 94,
    "status": "CONFIRMED",
    "description": null,
    "updated_at": "2026-04-21T20:20:49.523Z"
  }
},
{
  "model": "order.orderstatushistory",
  "pk": 221,
  "fields": {
    "order": 95,
    "status": "PENDING",
    "description": null,
    "updated_at": "2026-04-21T20:21:37.685Z"
  }
},
{
  "model": "order.orderstatushistory",
  "pk": 222,
  "fields": {
    "order": 96,
    "status": "PENDING",
    "description": null,
    "updated_at": "2026-04-21T20:33:05.129Z"
  }
},
{
  "model": "order.orderstatushistory",
  "pk": 223,
  "fields": {
    "order": 97,
    "status": "PENDING",
    "description": null,
    "updated_at": "2026-04-21T20:48:48.759Z"
  }
},
{
  "model": "order.orderstatushistory",
  "pk": 224,
  "fields": {
    "order": 98,
    "status": "PENDING",
    "description": null,
    "updated_at": "2026-04-21T21:00:27.742Z"
  }
},
{
  "model": "order.orderstatushistory",
  "pk": 225,
  "fields": {
    "order": 98,
    "status": "CONFIRMED",
    "description": null,
    "updated_at": "2026-04-21T21:00:27.758Z"
  }
},
{
  "model": "order.orderstatushistory",
  "pk": 226,
  "fields": {
    "order": 99,
    "status": "PENDING",
    "description": null,
    "updated_at": "2026-04-22T18:47:20.057Z"
  }
},
{
  "model": "order.orderstatushistory",
  "pk": 227,
  "fields": {
    "order": 99,
    "status": "CONFIRMED",
    "description": null,
    "updated_at": "2026-04-22T18:47:20.210Z"
  }
},
{
  "model": "order.orderstatushistory",
  "pk": 228,
  "fields": {
    "order": 99,
    "status": "CANCELLED",
    "description": null,
    "updated_at": "2026-04-22T18:49:04.831Z"
  }
},
{
  "model": "order.orderstatushistory",
  "pk": 229,
  "fields": {
    "order": 100,
    "status": "PENDING",
    "description": null,
    "updated_at": "2026-04-23T04:20:17.216Z"
  }
},
{
  "model": "order.orderstatushistory",
  "pk": 230,
  "fields": {
    "order": 100,
    "status": "CONFIRMED",
    "description": null,
    "updated_at": "2026-04-23T04:20:17.437Z"
  }
},
{
  "model": "order.orderstatushistory",
  "pk": 231,
  "fields": {
    "order": 100,
    "status": "PROCESSING",
    "description": null,
    "updated_at": "2026-04-23T04:22:28.556Z"
  }
},
{
  "model": "order.orderstatushistory",
  "pk": 232,
  "fields": {
    "order": 100,
    "status": "SHIPPED",
    "description": null,
    "updated_at": "2026-04-23T04:22:31.368Z"
  }
},
{
  "model": "order.orderstatushistory",
  "pk": 233,
  "fields": {
    "order": 100,
    "status": "OUT_FOR_DELIVERY",
    "description": null,
    "updated_at": "2026-04-23T04:22:34.021Z"
  }
},
{
  "model": "order.orderstatushistory",
  "pk": 234,
  "fields": {
    "order": 100,
    "status": "DELIVERED",
    "description": null,
    "updated_at": "2026-04-23T04:22:42.507Z"
  }
},
{
  "model": "order.orderstatushistory",
  "pk": 235,
  "fields": {
    "order": 98,
    "status": "PROCESSING",
    "description": null,
    "updated_at": "2026-04-23T04:48:32.232Z"
  }
},
{
  "model": "order.orderstatushistory",
  "pk": 236,
  "fields": {
    "order": 98,
    "status": "SHIPPED",
    "description": null,
    "updated_at": "2026-04-23T04:48:36.238Z"
  }
},
{
  "model": "order.orderstatushistory",
  "pk": 237,
  "fields": {
    "order": 98,
    "status": "OUT_FOR_DELIVERY",
    "description": null,
    "updated_at": "2026-04-23T04:48:38.669Z"
  }
},
{
  "model": "order.orderstatushistory",
  "pk": 238,
  "fields": {
    "order": 98,
    "status": "DELIVERED",
    "description": null,
    "updated_at": "2026-04-23T04:48:45.784Z"
  }
},
{
  "model": "order.orderstatushistory",
  "pk": 239,
  "fields": {
    "order": 101,
    "status": "PENDING",
    "description": null,
    "updated_at": "2026-04-23T08:00:58.637Z"
  }
},
{
  "model": "order.orderstatushistory",
  "pk": 240,
  "fields": {
    "order": 101,
    "status": "CONFIRMED",
    "description": null,
    "updated_at": "2026-04-23T08:00:58.659Z"
  }
},
{
  "model": "order.orderstatushistory",
  "pk": 241,
  "fields": {
    "order": 101,
    "status": "PROCESSING",
    "description": null,
    "updated_at": "2026-04-23T08:02:18.155Z"
  }
},
{
  "model": "order.orderstatushistory",
  "pk": 242,
  "fields": {
    "order": 101,
    "status": "SHIPPED",
    "description": null,
    "updated_at": "2026-04-23T08:02:33.634Z"
  }
},
{
  "model": "order.orderstatushistory",
  "pk": 243,
  "fields": {
    "order": 101,
    "status": "OUT_FOR_DELIVERY",
    "description": null,
    "updated_at": "2026-04-23T08:03:13.784Z"
  }
},
{
  "model": "order.orderstatushistory",
  "pk": 244,
  "fields": {
    "order": 101,
    "status": "DELIVERED",
    "description": null,
    "updated_at": "2026-04-23T08:03:23.759Z"
  }
},
{
  "model": "order.orderstatushistory",
  "pk": 245,
  "fields": {
    "order": 97,
    "status": "CANCELLED",
    "description": null,
    "updated_at": "2026-04-23T08:14:29.108Z"
  }
},
{
  "model": "order.orderstatushistory",
  "pk": 246,
  "fields": {
    "order": 95,
    "status": "CANCELLED",
    "description": null,
    "updated_at": "2026-04-23T08:14:32.002Z"
  }
},
{
  "model": "order.orderstatushistory",
  "pk": 247,
  "fields": {
    "order": 85,
    "status": "RETURNED",
    "description": "All items in this order have been successfully returned.",
    "updated_at": "2026-04-23T09:34:18.554Z"
  }
},
{
  "model": "order.orderstatushistory",
  "pk": 248,
  "fields": {
    "order": 102,
    "status": "PENDING",
    "description": null,
    "updated_at": "2026-04-24T06:56:49.592Z"
  }
},
{
  "model": "order.orderstatushistory",
  "pk": 249,
  "fields": {
    "order": 102,
    "status": "CONFIRMED",
    "description": null,
    "updated_at": "2026-04-24T06:57:48.251Z"
  }
},
{
  "model": "order.orderstatushistory",
  "pk": 250,
  "fields": {
    "order": 102,
    "status": "ITEM_CANCELLED",
    "description": null,
    "updated_at": "2026-04-24T06:58:19.871Z"
  }
},
{
  "model": "order.orderstatushistory",
  "pk": 251,
  "fields": {
    "order": 102,
    "status": "PROCESSING",
    "description": null,
    "updated_at": "2026-04-24T06:59:10.231Z"
  }
},
{
  "model": "order.orderstatushistory",
  "pk": 252,
  "fields": {
    "order": 102,
    "status": "SHIPPED",
    "description": null,
    "updated_at": "2026-04-24T06:59:15.822Z"
  }
},
{
  "model": "order.orderstatushistory",
  "pk": 253,
  "fields": {
    "order": 102,
    "status": "OUT_FOR_DELIVERY",
    "description": null,
    "updated_at": "2026-04-24T06:59:20.630Z"
  }
},
{
  "model": "order.orderstatushistory",
  "pk": 254,
  "fields": {
    "order": 102,
    "status": "DELIVERED",
    "description": null,
    "updated_at": "2026-04-24T06:59:30.545Z"
  }
},
{
  "model": "order.orderstatushistory",
  "pk": 255,
  "fields": {
    "order": 102,
    "status": "PARTIALLY_RETURNED",
    "description": "Some items in this order have been returned.",
    "updated_at": "2026-04-24T07:02:57.829Z"
  }
},
{
  "model": "order.orderstatushistory",
  "pk": 256,
  "fields": {
    "order": 102,
    "status": "RETURNED",
    "description": "All items in this order have been successfully returned.",
    "updated_at": "2026-04-24T07:03:19.315Z"
  }
},
{
  "model": "order.orderstatushistory",
  "pk": 257,
  "fields": {
    "order": 103,
    "status": "PENDING",
    "description": null,
    "updated_at": "2026-04-24T07:04:47.438Z"
  }
},
{
  "model": "order.orderstatushistory",
  "pk": 258,
  "fields": {
    "order": 103,
    "status": "CONFIRMED",
    "description": null,
    "updated_at": "2026-04-24T07:04:47.622Z"
  }
},
{
  "model": "order.orderstatushistory",
  "pk": 259,
  "fields": {
    "order": 103,
    "status": "PROCESSING",
    "description": null,
    "updated_at": "2026-04-24T07:05:50.627Z"
  }
},
{
  "model": "order.orderstatushistory",
  "pk": 260,
  "fields": {
    "order": 103,
    "status": "SHIPPED",
    "description": null,
    "updated_at": "2026-04-24T07:05:54.470Z"
  }
},
{
  "model": "order.orderstatushistory",
  "pk": 261,
  "fields": {
    "order": 103,
    "status": "OUT_FOR_DELIVERY",
    "description": null,
    "updated_at": "2026-04-24T07:05:58.575Z"
  }
},
{
  "model": "order.orderstatushistory",
  "pk": 262,
  "fields": {
    "order": 103,
    "status": "DELIVERED",
    "description": null,
    "updated_at": "2026-04-24T07:06:06.883Z"
  }
},
{
  "model": "order.orderstatushistory",
  "pk": 263,
  "fields": {
    "order": 103,
    "status": "RETURNED",
    "description": "All items in this order have been successfully returned.",
    "updated_at": "2026-04-24T07:07:07.775Z"
  }
},
{
  "model": "order.orderstatushistory",
  "pk": 266,
  "fields": {
    "order": 105,
    "status": "PENDING",
    "description": null,
    "updated_at": "2026-04-24T07:24:37.264Z"
  }
},
{
  "model": "order.orderstatushistory",
  "pk": 267,
  "fields": {
    "order": 105,
    "status": "CONFIRMED",
    "description": null,
    "updated_at": "2026-04-24T07:24:37.454Z"
  }
},
{
  "model": "order.orderstatushistory",
  "pk": 268,
  "fields": {
    "order": 105,
    "status": "PROCESSING",
    "description": null,
    "updated_at": "2026-04-24T07:25:04.695Z"
  }
},
{
  "model": "order.orderstatushistory",
  "pk": 269,
  "fields": {
    "order": 105,
    "status": "SHIPPED",
    "description": null,
    "updated_at": "2026-04-24T07:25:08.533Z"
  }
},
{
  "model": "order.orderstatushistory",
  "pk": 270,
  "fields": {
    "order": 105,
    "status": "OUT_FOR_DELIVERY",
    "description": null,
    "updated_at": "2026-04-24T07:25:12.342Z"
  }
},
{
  "model": "order.orderstatushistory",
  "pk": 271,
  "fields": {
    "order": 105,
    "status": "DELIVERED",
    "description": null,
    "updated_at": "2026-04-24T07:25:21.904Z"
  }
},
{
  "model": "order.orderstatushistory",
  "pk": 272,
  "fields": {
    "order": 105,
    "status": "PARTIALLY_RETURNED",
    "description": "Some items in this order have been returned.",
    "updated_at": "2026-04-24T07:26:24.550Z"
  }
},
{
  "model": "order.orderstatushistory",
  "pk": 273,
  "fields": {
    "order": 106,
    "status": "PENDING",
    "description": null,
    "updated_at": "2026-04-25T04:06:38.777Z"
  }
},
{
  "model": "order.orderstatushistory",
  "pk": 274,
  "fields": {
    "order": 106,
    "status": "CONFIRMED",
    "description": null,
    "updated_at": "2026-04-25T04:07:13.362Z"
  }
},
{
  "model": "order.orderstatushistory",
  "pk": 275,
  "fields": {
    "order": 107,
    "status": "PENDING",
    "description": null,
    "updated_at": "2026-04-25T04:08:18.863Z"
  }
},
{
  "model": "order.orderstatushistory",
  "pk": 276,
  "fields": {
    "order": 107,
    "status": "CONFIRMED",
    "description": null,
    "updated_at": "2026-04-25T04:08:49.390Z"
  }
},
{
  "model": "order.orderstatushistory",
  "pk": 277,
  "fields": {
    "order": 107,
    "status": "CANCELLED",
    "description": null,
    "updated_at": "2026-04-25T04:09:30.383Z"
  }
},
{
  "model": "order.orderstatushistory",
  "pk": 278,
  "fields": {
    "order": 108,
    "status": "PENDING",
    "description": null,
    "updated_at": "2026-04-25T06:21:06.289Z"
  }
},
{
  "model": "order.orderstatushistory",
  "pk": 279,
  "fields": {
    "order": 108,
    "status": "CONFIRMED",
    "description": null,
    "updated_at": "2026-04-25T06:21:06.301Z"
  }
},
{
  "model": "order.orderstatushistory",
  "pk": 280,
  "fields": {
    "order": 109,
    "status": "PENDING",
    "description": null,
    "updated_at": "2026-04-27T11:40:10.684Z"
  }
},
{
  "model": "order.orderstatushistory",
  "pk": 281,
  "fields": {
    "order": 109,
    "status": "CONFIRMED",
    "description": null,
    "updated_at": "2026-04-27T11:40:40.730Z"
  }
},
{
  "model": "order.orderstatushistory",
  "pk": 282,
  "fields": {
    "order": 109,
    "status": "PROCESSING",
    "description": null,
    "updated_at": "2026-04-27T12:26:41.018Z"
  }
},
{
  "model": "order.orderstatushistory",
  "pk": 283,
  "fields": {
    "order": 109,
    "status": "SHIPPED",
    "description": null,
    "updated_at": "2026-04-27T12:26:48.183Z"
  }
},
{
  "model": "order.orderstatushistory",
  "pk": 284,
  "fields": {
    "order": 109,
    "status": "OUT_FOR_DELIVERY",
    "description": null,
    "updated_at": "2026-04-27T12:26:50.498Z"
  }
},
{
  "model": "order.orderstatushistory",
  "pk": 285,
  "fields": {
    "order": 109,
    "status": "DELIVERED",
    "description": null,
    "updated_at": "2026-04-27T12:26:52.793Z"
  }
},
{
  "model": "order.orderstatushistory",
  "pk": 286,
  "fields": {
    "order": 110,
    "status": "PENDING",
    "description": null,
    "updated_at": "2026-04-27T19:06:55.401Z"
  }
},
{
  "model": "order.orderstatushistory",
  "pk": 287,
  "fields": {
    "order": 110,
    "status": "CONFIRMED",
    "description": null,
    "updated_at": "2026-04-27T19:07:26.656Z"
  }
},
{
  "model": "order.orderstatushistory",
  "pk": 288,
  "fields": {
    "order": 110,
    "status": "ITEM_CANCELLED",
    "description": null,
    "updated_at": "2026-04-28T17:42:12.611Z"
  }
},
{
  "model": "order.orderstatushistory",
  "pk": 289,
  "fields": {
    "order": 110,
    "status": "PROCESSING",
    "description": null,
    "updated_at": "2026-04-29T06:42:11.619Z"
  }
},
{
  "model": "order.orderstatushistory",
  "pk": 290,
  "fields": {
    "order": 111,
    "status": "PENDING",
    "description": null,
    "updated_at": "2026-04-30T09:44:43.511Z"
  }
},
{
  "model": "order.orderstatushistory",
  "pk": 291,
  "fields": {
    "order": 112,
    "status": "PENDING",
    "description": null,
    "updated_at": "2026-04-30T09:47:19.666Z"
  }
},
{
  "model": "order.orderstatushistory",
  "pk": 292,
  "fields": {
    "order": 112,
    "status": "CONFIRMED",
    "description": null,
    "updated_at": "2026-04-30T09:47:19.673Z"
  }
},
{
  "model": "order.orderstatushistory",
  "pk": 293,
  "fields": {
    "order": 113,
    "status": "PENDING",
    "description": null,
    "updated_at": "2026-04-30T10:43:28.950Z"
  }
},
{
  "model": "order.orderstatushistory",
  "pk": 294,
  "fields": {
    "order": 113,
    "status": "CONFIRMED",
    "description": null,
    "updated_at": "2026-04-30T10:43:29.117Z"
  }
},
{
  "model": "order.orderstatushistory",
  "pk": 295,
  "fields": {
    "order": 114,
    "status": "PENDING",
    "description": null,
    "updated_at": "2026-05-02T09:24:01.570Z"
  }
},
{
  "model": "order.orderstatushistory",
  "pk": 296,
  "fields": {
    "order": 114,
    "status": "CONFIRMED",
    "description": null,
    "updated_at": "2026-05-02T09:24:01.591Z"
  }
},
{
  "model": "order.orderstatushistory",
  "pk": 297,
  "fields": {
    "order": 114,
    "status": "PROCESSING",
    "description": null,
    "updated_at": "2026-05-02T09:24:30.637Z"
  }
},
{
  "model": "order.orderstatushistory",
  "pk": 298,
  "fields": {
    "order": 114,
    "status": "SHIPPED",
    "description": null,
    "updated_at": "2026-05-02T09:24:34.831Z"
  }
},
{
  "model": "order.orderstatushistory",
  "pk": 299,
  "fields": {
    "order": 114,
    "status": "OUT_FOR_DELIVERY",
    "description": null,
    "updated_at": "2026-05-02T09:24:37.499Z"
  }
},
{
  "model": "order.orderstatushistory",
  "pk": 300,
  "fields": {
    "order": 114,
    "status": "DELIVERED",
    "description": null,
    "updated_at": "2026-05-02T09:24:44.542Z"
  }
},
{
  "model": "order.orderstatushistory",
  "pk": 301,
  "fields": {
    "order": 115,
    "status": "PENDING",
    "description": null,
    "updated_at": "2026-05-02T19:20:57.560Z"
  }
},
{
  "model": "order.orderstatushistory",
  "pk": 302,
  "fields": {
    "order": 115,
    "status": "CONFIRMED",
    "description": null,
    "updated_at": "2026-05-02T19:20:57.582Z"
  }
},
{
  "model": "return.returnrequest",
  "pk": 1,
  "fields": {
    "order_item": 11,
    "user": 76,
    "quantity": 1,
    "reason": "Ordered by mistake",
    "description": "no use very much ",
    "item_condition": "Unopened (Sealed)",
    "return_status": "COMPLETED",
    "pickup_date": "2026-04-09T20:58:12.748Z",
    "picked_at": "2026-04-08T20:58:43.630Z",
    "created_at": "2026-04-08T17:08:25.847Z",
    "updated_at": "2026-04-29T08:09:21.070Z"
  }
},
{
  "model": "return.returnrequest",
  "pk": 2,
  "fields": {
    "order_item": 10,
    "user": 76,
    "quantity": 1,
    "reason": "Changed my mind",
    "description": "my msitake this order  ",
    "item_condition": "Unopened (Sealed)",
    "return_status": "PICKED_UP",
    "pickup_date": "2026-04-09T21:15:46.019Z",
    "picked_at": "2026-04-08T21:15:47.292Z",
    "created_at": "2026-04-08T21:15:18.746Z",
    "updated_at": "2026-04-29T08:09:21.070Z"
  }
},
{
  "model": "return.returnrequest",
  "pk": 3,
  "fields": {
    "order_item": 4,
    "user": 76,
    "quantity": 2,
    "reason": "Ordered by mistake",
    "description": "my msitak e by the order",
    "item_condition": "Unopened (Sealed)",
    "return_status": "PICKED_UP",
    "pickup_date": "2026-04-09T21:19:24.764Z",
    "picked_at": "2026-04-08T21:19:28.131Z",
    "created_at": "2026-04-08T21:18:49.681Z",
    "updated_at": "2026-04-29T08:09:21.070Z"
  }
},
{
  "model": "return.returnrequest",
  "pk": 4,
  "fields": {
    "order_item": 25,
    "user": 76,
    "quantity": 2,
    "reason": "Changed my mind",
    "description": "i fond other product ",
    "item_condition": "Unopened (Sealed)",
    "return_status": "PICKED_UP",
    "pickup_date": "2026-04-09T21:22:27.499Z",
    "picked_at": "2026-04-08T21:22:29.327Z",
    "created_at": "2026-04-08T21:22:14.641Z",
    "updated_at": "2026-04-29T08:09:21.070Z"
  }
},
{
  "model": "return.returnrequest",
  "pk": 5,
  "fields": {
    "order_item": 27,
    "user": 76,
    "quantity": 1,
    "reason": "Changed my mind",
    "description": "not open let okkey",
    "item_condition": "Unopened (Sealed)",
    "return_status": "PICKED_UP",
    "pickup_date": "2026-04-10T18:30:00Z",
    "picked_at": "2026-04-09T03:47:41.216Z",
    "created_at": "2026-04-09T03:46:56.972Z",
    "updated_at": "2026-04-29T08:09:21.070Z"
  }
},
{
  "model": "return.returnrequest",
  "pk": 6,
  "fields": {
    "order_item": 105,
    "user": 76,
    "quantity": 3,
    "reason": "Ordered by mistake",
    "description": "rwgret345ty34 hdghfdf cbvbcxxx d",
    "item_condition": "Opened but not used",
    "return_status": "COMPLETED",
    "pickup_date": "2026-04-21T18:30:00Z",
    "picked_at": "2026-04-21T11:46:55.784Z",
    "created_at": "2026-04-21T11:45:41.739Z",
    "updated_at": "2026-04-29T08:09:21.070Z"
  }
},
{
  "model": "return.returnrequest",
  "pk": 7,
  "fields": {
    "order_item": 110,
    "user": 76,
    "quantity": 1,
    "reason": "Ordered by mistake",
    "description": "edsdbh hhhmh nj",
    "item_condition": "Opened but not used",
    "return_status": "COMPLETED",
    "pickup_date": "2026-04-22T18:30:00Z",
    "picked_at": "2026-04-21T13:25:07.619Z",
    "created_at": "2026-04-21T13:23:30.753Z",
    "updated_at": "2026-04-29T08:09:21.070Z"
  }
},
{
  "model": "return.returnrequest",
  "pk": 8,
  "fields": {
    "order_item": 111,
    "user": 76,
    "quantity": 1,
    "reason": "Ordered by mistake",
    "description": "tegdfbnccbddb",
    "item_condition": "Opened but not used",
    "return_status": "COMPLETED",
    "pickup_date": "2026-04-20T18:30:00Z",
    "picked_at": "2026-04-21T15:20:53.018Z",
    "created_at": "2026-04-21T15:09:02.882Z",
    "updated_at": "2026-04-29T08:09:21.070Z"
  }
},
{
  "model": "return.returnrequest",
  "pk": 9,
  "fields": {
    "order_item": 112,
    "user": 76,
    "quantity": 1,
    "reason": "Ordered by mistake",
    "description": "tegdfbnccbddb",
    "item_condition": "Opened but not used",
    "return_status": "COMPLETED",
    "pickup_date": "2026-04-21T18:30:00Z",
    "picked_at": "2026-04-21T15:20:27.018Z",
    "created_at": "2026-04-21T15:09:02.901Z",
    "updated_at": "2026-04-29T08:09:21.070Z"
  }
},
{
  "model": "return.returnrequest",
  "pk": 10,
  "fields": {
    "order_item": 107,
    "user": 76,
    "quantity": 2,
    "reason": "Ordered by mistake",
    "description": "hgjgjghfcvcfdbdhdh",
    "item_condition": "Used a few times",
    "return_status": "COMPLETED",
    "pickup_date": "2026-04-23T18:30:00Z",
    "picked_at": "2026-04-23T09:34:16.825Z",
    "created_at": "2026-04-21T15:25:38.272Z",
    "updated_at": "2026-04-29T08:09:21.070Z"
  }
},
{
  "model": "return.returnrequest",
  "pk": 11,
  "fields": {
    "order_item": 103,
    "user": 76,
    "quantity": 2,
    "reason": "Received wrong product",
    "description": "hfjukjhkhjkj",
    "item_condition": "Opened but not used",
    "return_status": "PICKED_UP",
    "pickup_date": "2026-04-14T18:30:00Z",
    "picked_at": "2026-04-27T11:42:28.868Z",
    "created_at": "2026-04-21T15:33:51.299Z",
    "updated_at": "2026-04-29T08:09:21.070Z"
  }
},
{
  "model": "return.returnrequest",
  "pk": 12,
  "fields": {
    "order_item": 128,
    "user": 88,
    "quantity": 1,
    "reason": "Changed my mind",
    "description": "not used okk",
    "item_condition": "Opened but not used",
    "return_status": "COMPLETED",
    "pickup_date": "2026-04-24T18:30:00Z",
    "picked_at": "2026-04-24T07:03:17.550Z",
    "created_at": "2026-04-24T07:02:30.702Z",
    "updated_at": "2026-04-29T08:09:21.070Z"
  }
},
{
  "model": "return.returnrequest",
  "pk": 13,
  "fields": {
    "order_item": 129,
    "user": 88,
    "quantity": 1,
    "reason": "Changed my mind",
    "description": "not used okk",
    "item_condition": "Opened but not used",
    "return_status": "COMPLETED",
    "pickup_date": "2026-04-23T18:30:00Z",
    "picked_at": "2026-04-24T07:02:54.231Z",
    "created_at": "2026-04-24T07:02:30.707Z",
    "updated_at": "2026-04-29T08:09:21.070Z"
  }
},
{
  "model": "return.returnrequest",
  "pk": 14,
  "fields": {
    "order_item": 130,
    "user": 88,
    "quantity": 1,
    "reason": "Ordered by mistake",
    "description": "not used the product ",
    "item_condition": "Unopened (Sealed)",
    "return_status": "COMPLETED",
    "pickup_date": "2026-04-25T18:30:00Z",
    "picked_at": "2026-04-24T07:07:04.018Z",
    "created_at": "2026-04-24T07:06:37.258Z",
    "updated_at": "2026-04-29T08:09:21.070Z"
  }
},
{
  "model": "return.returnrequest",
  "pk": 15,
  "fields": {
    "order_item": 132,
    "user": 76,
    "quantity": 1,
    "reason": "Ordered by mistake",
    "description": " not used the product",
    "item_condition": "Unopened (Sealed)",
    "return_status": "COMPLETED",
    "pickup_date": "2026-04-24T18:30:00Z",
    "picked_at": "2026-04-24T07:26:23.181Z",
    "created_at": "2026-04-24T07:26:05.912Z",
    "updated_at": "2026-04-29T08:09:21.070Z"
  }
},
{
  "model": "return.returnrequest",
  "pk": 16,
  "fields": {
    "order_item": 145,
    "user": 76,
    "quantity": 1,
    "reason": "Ordered by mistake",
    "description": "nsdkbbdsceijc  jidnf",
    "item_condition": "Used a few times",
    "return_status": "REJECTED",
    "pickup_date": null,
    "picked_at": null,
    "created_at": "2026-04-27T19:08:19.141Z",
    "updated_at": "2026-04-29T08:09:21.070Z"
  }
},
{
  "model": "return.returnrequest",
  "pk": 17,
  "fields": {
    "order_item": 144,
    "user": 76,
    "quantity": 1,
    "reason": "Ordered by mistake",
    "description": "dccdd ddwfef",
    "item_condition": "Unopened (Sealed)",
    "return_status": "REJECTED",
    "pickup_date": null,
    "picked_at": null,
    "created_at": "2026-04-27T19:08:37.501Z",
    "updated_at": "2026-04-29T08:09:21.070Z"
  }
},
{
  "model": "return.returnimage",
  "pk": 1,
  "fields": {
    "return_request": 7,
    "image": "returns/selin-CMCwyIRZqxY-unsplash.jpg"
  }
},
{
  "model": "return.returnimage",
  "pk": 2,
  "fields": {
    "return_request": 7,
    "image": "returns/edc4734bc4fddc5901227bfdf37b548a.jpg"
  }
},
{
  "model": "return.returnimage",
  "pk": 3,
  "fields": {
    "return_request": 7,
    "image": "returns/51c7bbbc5a099339c9165f04ca92d47e.jpg"
  }
},
{
  "model": "coupons.coupon",
  "pk": 1,
  "fields": {
    "code": "GLOWE20",
    "discount_type": "percentage",
    "discount_value": "20.00",
    "min_purchase": "600.00",
    "max_discount": "400.00",
    "total_usage_limit": null,
    "usage_limit_per_user": 1,
    "used_count": 1,
    "start_date": "2026-04-20",
    "end_date": "2026-04-25",
    "is_active": true,
    "is_deleted": false,
    "created_at": "2026-04-19T19:54:02.918Z",
    "updated_at": "2026-04-23T04:17:10.719Z"
  }
},
{
  "model": "coupons.coupon",
  "pk": 2,
  "fields": {
    "code": "SUMMER30",
    "discount_type": "flat",
    "discount_value": "400.00",
    "min_purchase": "190.00",
    "max_discount": null,
    "total_usage_limit": 100,
    "usage_limit_per_user": 1,
    "used_count": 2,
    "start_date": "2026-04-20",
    "end_date": "2026-05-20",
    "is_active": true,
    "is_deleted": false,
    "created_at": "2026-04-19T20:21:09.272Z",
    "updated_at": "2026-04-30T09:47:25.378Z"
  }
},
{
  "model": "coupons.coupon",
  "pk": 3,
  "fields": {
    "code": "START10",
    "discount_type": "percentage",
    "discount_value": "10.00",
    "min_purchase": "500.00",
    "max_discount": "200.00",
    "total_usage_limit": null,
    "usage_limit_per_user": 1,
    "used_count": 0,
    "start_date": "2026-04-20",
    "end_date": "2026-04-22",
    "is_active": true,
    "is_deleted": true,
    "created_at": "2026-04-20T07:12:48.854Z",
    "updated_at": "2026-04-23T04:16:33.166Z"
  }
},
{
  "model": "coupons.coupon",
  "pk": 4,
  "fields": {
    "code": "WIND15",
    "discount_type": "percentage",
    "discount_value": "15.00",
    "min_purchase": "400.00",
    "max_discount": "150.00",
    "total_usage_limit": 10,
    "usage_limit_per_user": 1,
    "used_count": 1,
    "start_date": "2026-04-20",
    "end_date": "2026-04-25",
    "is_active": true,
    "is_deleted": false,
    "created_at": "2026-04-20T15:21:54.482Z",
    "updated_at": "2026-04-20T16:03:30.538Z"
  }
},
{
  "model": "coupons.coupon",
  "pk": 5,
  "fields": {
    "code": "GOING10",
    "discount_type": "flat",
    "discount_value": "150.00",
    "min_purchase": "200.00",
    "max_discount": null,
    "total_usage_limit": null,
    "usage_limit_per_user": 3,
    "used_count": 3,
    "start_date": "2026-04-21",
    "end_date": "2026-04-23",
    "is_active": true,
    "is_deleted": false,
    "created_at": "2026-04-21T13:15:02.502Z",
    "updated_at": "2026-04-22T18:47:26.565Z"
  }
},
{
  "model": "coupons.coupon",
  "pk": 6,
  "fields": {
    "code": "NEWDEAL",
    "discount_type": "percentage",
    "discount_value": "10.00",
    "min_purchase": "100.00",
    "max_discount": "200.00",
    "total_usage_limit": null,
    "usage_limit_per_user": 1,
    "used_count": 1,
    "start_date": "2026-04-23",
    "end_date": "2026-04-29",
    "is_active": true,
    "is_deleted": false,
    "created_at": "2026-04-23T04:19:28.048Z",
    "updated_at": "2026-04-23T04:20:22.618Z"
  }
},
{
  "model": "coupons.coupon",
  "pk": 7,
  "fields": {
    "code": "BIDSALE",
    "discount_type": "percentage",
    "discount_value": "10.00",
    "min_purchase": "500.00",
    "max_discount": "200.00",
    "total_usage_limit": null,
    "usage_limit_per_user": 1,
    "used_count": 2,
    "start_date": "2026-04-24",
    "end_date": "2026-04-27",
    "is_active": true,
    "is_deleted": false,
    "created_at": "2026-04-24T06:56:01.789Z",
    "updated_at": "2026-04-25T04:08:53.713Z"
  }
},
{
  "model": "coupons.couponusage",
  "pk": 1,
  "fields": {
    "user": 76,
    "coupon": 1,
    "used_count": 1
  }
},
{
  "model": "coupons.couponusage",
  "pk": 2,
  "fields": {
    "user": 76,
    "coupon": 2,
    "used_count": 1
  }
},
{
  "model": "coupons.couponusage",
  "pk": 3,
  "fields": {
    "user": 76,
    "coupon": 4,
    "used_count": 1
  }
},
{
  "model": "coupons.couponusage",
  "pk": 4,
  "fields": {
    "user": 76,
    "coupon": 5,
    "used_count": 3
  }
},
{
  "model": "coupons.couponusage",
  "pk": 5,
  "fields": {
    "user": 76,
    "coupon": 6,
    "used_count": 1
  }
},
{
  "model": "coupons.couponusage",
  "pk": 6,
  "fields": {
    "user": 88,
    "coupon": 7,
    "used_count": 1
  }
},
{
  "model": "coupons.couponusage",
  "pk": 7,
  "fields": {
    "user": 76,
    "coupon": 7,
    "used_count": 1
  }
},
{
  "model": "coupons.couponusage",
  "pk": 8,
  "fields": {
    "user": 113,
    "coupon": 2,
    "used_count": 1
  }
},
{
  "model": "wallet.wallet",
  "pk": 1,
  "fields": {
    "user": 76,
    "balance": "25623.86",
    "created_at": "2026-04-21T05:40:05.904Z",
    "updated_at": "2026-04-30T10:43:29.069Z"
  }
},
{
  "model": "wallet.wallet",
  "pk": 6,
  "fields": {
    "user": 88,
    "balance": "751.68",
    "created_at": "2026-04-24T06:47:30.796Z",
    "updated_at": "2026-04-24T07:07:07.766Z"
  }
},
{
  "model": "wallet.wallet",
  "pk": 9,
  "fields": {
    "user": 91,
    "balance": "0.00",
    "created_at": "2026-04-28T17:57:26.448Z",
    "updated_at": "2026-04-28T17:57:26.448Z"
  }
},
{
  "model": "wallet.wallet",
  "pk": 30,
  "fields": {
    "user": 112,
    "balance": "0.00",
    "created_at": "2026-04-29T08:46:20.599Z",
    "updated_at": "2026-04-29T08:46:20.599Z"
  }
},
{
  "model": "wallet.wallet",
  "pk": 31,
  "fields": {
    "user": 113,
    "balance": "0.00",
    "created_at": "2026-04-30T09:41:15.903Z",
    "updated_at": "2026-04-30T09:41:15.903Z"
  }
},
{
  "model": "wallet.wallet",
  "pk": 32,
  "fields": {
    "user": 114,
    "balance": "0.00",
    "created_at": "2026-05-02T11:17:23.987Z",
    "updated_at": "2026-05-02T11:17:23.987Z"
  }
},
{
  "model": "wallet.wallettransaction",
  "pk": 1,
  "fields": {
    "wallet": 1,
    "order": null,
    "transaction_type": "ADD",
    "transaction_id": "pay_Sg26CDuKHh8GmG",
    "amount": "500.00",
    "status": "COMPLETED",
    "description": "Wallet top-up",
    "created_at": "2026-04-21T05:44:00.289Z"
  }
},
{
  "model": "wallet.wallettransaction",
  "pk": 2,
  "fields": {
    "wallet": 1,
    "order": null,
    "transaction_type": "ADD",
    "transaction_id": "pay_Sg2TzezyflRzlu",
    "amount": "5000.00",
    "status": "COMPLETED",
    "description": "Wallet top-up",
    "created_at": "2026-04-21T06:10:15.988Z"
  }
},
{
  "model": "wallet.wallettransaction",
  "pk": 3,
  "fields": {
    "wallet": 1,
    "order": null,
    "transaction_type": "ADD",
    "transaction_id": "order_Sg2a0zAecjJBE6",
    "amount": "100.00",
    "status": "FAILED",
    "description": "Wallet top-up",
    "created_at": "2026-04-21T06:16:36.036Z"
  }
},
{
  "model": "wallet.wallettransaction",
  "pk": 4,
  "fields": {
    "wallet": 1,
    "order": null,
    "transaction_type": "ADD",
    "transaction_id": "pay_Sg2an3CdngSs9x",
    "amount": "100.00",
    "status": "COMPLETED",
    "description": "Wallet top-up",
    "created_at": "2026-04-21T06:17:01.126Z"
  }
},
{
  "model": "wallet.wallettransaction",
  "pk": 5,
  "fields": {
    "wallet": 1,
    "order": null,
    "transaction_type": "ADD",
    "transaction_id": "order_Sg363y275NSmoA",
    "amount": "10000.00",
    "status": "FAILED",
    "description": "Wallet top-up",
    "created_at": "2026-04-21T06:46:56.974Z"
  }
},
{
  "model": "wallet.wallettransaction",
  "pk": 6,
  "fields": {
    "wallet": 1,
    "order": null,
    "transaction_type": "ADD",
    "transaction_id": "pay_Sg3Ga5V3KhhLGG",
    "amount": "20000.00",
    "status": "COMPLETED",
    "description": "Wallet top-up",
    "created_at": "2026-04-21T06:56:36.204Z"
  }
},
{
  "model": "wallet.wallettransaction",
  "pk": 7,
  "fields": {
    "wallet": 1,
    "order": 78,
    "transaction_type": "PURCHASE",
    "transaction_id": "8242fd56-a3d6-4833-8cce-c0175349ea81",
    "amount": "698.00",
    "status": "COMPLETED",
    "description": "Payment for Order ORD-VK6MKCJ2E1",
    "created_at": "2026-04-21T07:54:19.110Z"
  }
},
{
  "model": "wallet.wallettransaction",
  "pk": 8,
  "fields": {
    "wallet": 1,
    "order": 79,
    "transaction_type": "PURCHASE",
    "transaction_id": "852435a8-e7c9-4b6e-af08-679e32cc8676",
    "amount": "652.00",
    "status": "COMPLETED",
    "description": "Payment for Order",
    "created_at": "2026-04-21T08:15:37.257Z"
  }
},
{
  "model": "wallet.wallettransaction",
  "pk": 9,
  "fields": {
    "wallet": 1,
    "order": 80,
    "transaction_type": "PURCHASE",
    "transaction_id": "38a26c8e-4c23-485d-a108-0b223127b87e",
    "amount": "136.00",
    "status": "COMPLETED",
    "description": "Payment for Order",
    "created_at": "2026-04-21T08:22:11.541Z"
  }
},
{
  "model": "wallet.wallettransaction",
  "pk": 10,
  "fields": {
    "wallet": 1,
    "order": 81,
    "transaction_type": "PURCHASE",
    "transaction_id": "b995b499-0b9a-48d2-8b96-575d2ef5587b",
    "amount": "898.00",
    "status": "COMPLETED",
    "description": "Payment for Order",
    "created_at": "2026-04-21T08:24:12.944Z"
  }
},
{
  "model": "wallet.wallettransaction",
  "pk": 11,
  "fields": {
    "wallet": 1,
    "order": 83,
    "transaction_type": "REFUND",
    "transaction_id": "2f37b9cc-6131-42a7-b025-40f9f396d93c",
    "amount": "597.00",
    "status": "COMPLETED",
    "description": "Refund for returned item 'BIFF SP5' (x3) in Order #ORD-BYMTO1OE3A",
    "created_at": "2026-04-21T11:51:15.608Z"
  }
},
{
  "model": "wallet.wallettransaction",
  "pk": 12,
  "fields": {
    "wallet": 1,
    "order": 80,
    "transaction_type": "REFUND",
    "transaction_id": "16f214d8-16c6-46b6-9826-3c1c2f36ecde",
    "amount": "136.00",
    "status": "COMPLETED",
    "description": "Refund for cancelled Order #ORD-RRNQJCQ7IH",
    "created_at": "2026-04-21T12:03:28.706Z"
  }
},
{
  "model": "wallet.wallettransaction",
  "pk": 13,
  "fields": {
    "wallet": 1,
    "order": 79,
    "transaction_type": "REFUND",
    "transaction_id": "6a0241e6-3701-4271-8884-e2d2dbe595b5",
    "amount": "276.00",
    "status": "COMPLETED",
    "description": "Refund for cancelled item in Order #ORD-R9MHYXUMYD — Lakmē 9to5 Vitamin C +Serum",
    "created_at": "2026-04-21T12:37:53.705Z"
  }
},
{
  "model": "wallet.wallettransaction",
  "pk": 14,
  "fields": {
    "wallet": 1,
    "order": 87,
    "transaction_type": "REFUND",
    "transaction_id": "4562efba-f65d-492e-9af1-ec5386417cec",
    "amount": "299.00",
    "status": "COMPLETED",
    "description": "Refund for returned item 'BIFF SP5' (x1) in Order #ORD-ENQP3Y8OUB",
    "created_at": "2026-04-21T13:25:18.909Z"
  }
},
{
  "model": "wallet.wallettransaction",
  "pk": 15,
  "fields": {
    "wallet": 1,
    "order": 88,
    "transaction_type": "PURCHASE",
    "transaction_id": "614e2bb0-993b-4b9c-8299-60f539b99fa8",
    "amount": "261.00",
    "status": "COMPLETED",
    "description": "Payment for Order",
    "created_at": "2026-04-21T13:32:16.141Z"
  }
},
{
  "model": "wallet.wallettransaction",
  "pk": 16,
  "fields": {
    "wallet": 1,
    "order": 88,
    "transaction_type": "REFUND",
    "transaction_id": "a54107a4-bc04-452f-9e81-7f65e5a7ad07",
    "amount": "10.07",
    "status": "COMPLETED",
    "description": "Refund for returned item 'BIFF SP5' (x1) in Order #ORD-RIF9L697W5",
    "created_at": "2026-04-21T15:20:31.479Z"
  }
},
{
  "model": "wallet.wallettransaction",
  "pk": 17,
  "fields": {
    "wallet": 1,
    "order": 88,
    "transaction_type": "REFUND",
    "transaction_id": "2c2885ed-3b0e-4add-86b2-8e736d4d791a",
    "amount": "250.93",
    "status": "COMPLETED",
    "description": "Refund for returned item 'Brightening Serum with 10% Niacinamide Serum' (x1) in Order #ORD-RIF9L697W5",
    "created_at": "2026-04-21T15:21:25.755Z"
  }
},
{
  "model": "wallet.wallettransaction",
  "pk": 18,
  "fields": {
    "wallet": 1,
    "order": 78,
    "transaction_type": "REFUND",
    "transaction_id": "bf1d6950-869e-4f8f-9068-b5262000921e",
    "amount": "698.00",
    "status": "COMPLETED",
    "description": "Refund for cancelled Order #ORD-VK6MKCJ2E1",
    "created_at": "2026-04-21T17:50:36.358Z"
  }
},
{
  "model": "wallet.wallettransaction",
  "pk": 19,
  "fields": {
    "wallet": 1,
    "order": null,
    "transaction_type": "ADD",
    "transaction_id": "order_SgF6hu6edeKnpx",
    "amount": "100.00",
    "status": "FAILED",
    "description": "Wallet top-up",
    "created_at": "2026-04-21T18:31:51.483Z"
  }
},
{
  "model": "wallet.wallettransaction",
  "pk": 20,
  "fields": {
    "wallet": 1,
    "order": null,
    "transaction_type": "ADD",
    "transaction_id": "pay_SgH2l3zK8EkJor",
    "amount": "5000.00",
    "status": "COMPLETED",
    "description": "Wallet top-up",
    "created_at": "2026-04-21T20:25:19.213Z"
  }
},
{
  "model": "wallet.wallettransaction",
  "pk": 21,
  "fields": {
    "wallet": 1,
    "order": 99,
    "transaction_type": "PURCHASE",
    "transaction_id": "0958d483-95f5-4604-8a99-a31ec0c254db",
    "amount": "749.20",
    "status": "COMPLETED",
    "description": "Payment for Order",
    "created_at": "2026-04-22T18:47:20.178Z"
  }
},
{
  "model": "wallet.wallettransaction",
  "pk": 22,
  "fields": {
    "wallet": 1,
    "order": 99,
    "transaction_type": "REFUND",
    "transaction_id": "d4d63f7a-92a4-48c0-8214-4fac0968c895",
    "amount": "749.20",
    "status": "COMPLETED",
    "description": "Refund for cancelled Order #ORD-LVXNCTWA27",
    "created_at": "2026-04-22T18:49:04.828Z"
  }
},
{
  "model": "wallet.wallettransaction",
  "pk": 23,
  "fields": {
    "wallet": 1,
    "order": 100,
    "transaction_type": "PURCHASE",
    "transaction_id": "69b0e0b0-43b9-46b3-a84a-22f55f94487d",
    "amount": "1216.08",
    "status": "COMPLETED",
    "description": "Payment for Order",
    "created_at": "2026-04-23T04:20:17.375Z"
  }
},
{
  "model": "wallet.wallettransaction",
  "pk": 24,
  "fields": {
    "wallet": 1,
    "order": 85,
    "transaction_type": "REFUND",
    "transaction_id": "4d8e7f65-3fa5-470d-8d0e-0e5ec9d835b1",
    "amount": "598.00",
    "status": "COMPLETED",
    "description": "Refund for returned item 'BIFF SP5' (x2) in Order #ORD-HNWQZQBI48",
    "created_at": "2026-04-23T09:34:18.541Z"
  }
},
{
  "model": "wallet.wallettransaction",
  "pk": 26,
  "fields": {
    "wallet": 1,
    "order": null,
    "transaction_type": "ADD",
    "transaction_id": "72545be3-f5ce-4d5e-8448-688cc102a459",
    "amount": "500.00",
    "status": "COMPLETED",
    "description": "referral bonus",
    "created_at": "2026-04-23T19:37:39.022Z"
  }
},
{
  "model": "wallet.wallettransaction",
  "pk": 27,
  "fields": {
    "wallet": 1,
    "order": null,
    "transaction_type": "ADD",
    "transaction_id": "8d58db82-b40b-4599-9ada-1d6ff9028b98",
    "amount": "500.00",
    "status": "COMPLETED",
    "description": "referral bonus",
    "created_at": "2026-04-24T06:48:06.105Z"
  }
},
{
  "model": "wallet.wallettransaction",
  "pk": 28,
  "fields": {
    "wallet": 6,
    "order": 102,
    "transaction_type": "REFUND",
    "transaction_id": "f25ecfaf-4889-4c7f-968d-d440a0a3b0e6",
    "amount": "427.70",
    "status": "COMPLETED",
    "description": "Refund for cancelled item in Order #ORD-Z6QXM2CBK4 — Advance Vitamin C Serum",
    "created_at": "2026-04-24T06:58:19.908Z"
  }
},
{
  "model": "wallet.wallettransaction",
  "pk": 29,
  "fields": {
    "wallet": 6,
    "order": 102,
    "transaction_type": "REFUND",
    "transaction_id": "cb464e4f-b3da-4f14-a3d6-96bf6922fdac",
    "amount": "386.00",
    "status": "COMPLETED",
    "description": "Refund for returned item 'Anua Heartleaf Deep Cleansing' (x1) in Order #ORD-Z6QXM2CBK4",
    "created_at": "2026-04-24T07:02:57.822Z"
  }
},
{
  "model": "wallet.wallettransaction",
  "pk": 30,
  "fields": {
    "wallet": 6,
    "order": 102,
    "transaction_type": "REFUND",
    "transaction_id": "e6af9d19-1dc5-4bc8-af10-a12c6ec4e7ef",
    "amount": "482.98",
    "status": "COMPLETED",
    "description": "Refund for returned item 'Advance Vitamin C Serum' (x1) in Order #ORD-Z6QXM2CBK4",
    "created_at": "2026-04-24T07:03:19.303Z"
  }
},
{
  "model": "wallet.wallettransaction",
  "pk": 31,
  "fields": {
    "wallet": 6,
    "order": 103,
    "transaction_type": "PURCHASE",
    "transaction_id": "10d3957c-0d6f-4468-ba07-eee02e078020",
    "amount": "990.00",
    "status": "COMPLETED",
    "description": "Payment for Order",
    "created_at": "2026-04-24T07:04:47.585Z"
  }
},
{
  "model": "wallet.wallettransaction",
  "pk": 32,
  "fields": {
    "wallet": 6,
    "order": 103,
    "transaction_type": "REFUND",
    "transaction_id": "25236f57-0128-495d-8917-36df9217e7d7",
    "amount": "445.00",
    "status": "COMPLETED",
    "description": "Refund for returned item 'Vitamin C Face Cleanser For Daily Glow & Brightness' (x1) in Order #ORD-P8Z9LI4ZA2",
    "created_at": "2026-04-24T07:07:07.767Z"
  }
},
{
  "model": "wallet.wallettransaction",
  "pk": 33,
  "fields": {
    "wallet": 1,
    "order": 105,
    "transaction_type": "PURCHASE",
    "transaction_id": "aa0f4412-16fc-4051-a9f4-072a1515fbb5",
    "amount": "1626.06",
    "status": "COMPLETED",
    "description": "Payment for Order",
    "created_at": "2026-04-24T07:24:37.397Z"
  }
},
{
  "model": "wallet.wallettransaction",
  "pk": 34,
  "fields": {
    "wallet": 1,
    "order": 105,
    "transaction_type": "REFUND",
    "transaction_id": "cb345cc9-4701-4d34-a284-8db51b5abbfc",
    "amount": "445.00",
    "status": "COMPLETED",
    "description": "Refund for returned item 'Vitamin C Face Cleanser For Daily Glow & Brightness' (x1) in Order #ORD-IN2AKHKKAP",
    "created_at": "2026-04-24T07:26:24.543Z"
  }
},
{
  "model": "wallet.wallettransaction",
  "pk": 35,
  "fields": {
    "wallet": 1,
    "order": 107,
    "transaction_type": "REFUND",
    "transaction_id": "2351ecf6-f60d-4739-a6ed-b41f60d48947",
    "amount": "1894.00",
    "status": "COMPLETED",
    "description": "Refund for cancelled Order #ORD-I9SQVFMLMY",
    "created_at": "2026-04-25T04:09:30.379Z"
  }
},
{
  "model": "wallet.wallettransaction",
  "pk": 36,
  "fields": {
    "wallet": 1,
    "order": 110,
    "transaction_type": "REFUND",
    "transaction_id": "64b51390-e9e9-4143-8944-517cfe7eff33",
    "amount": "1199.00",
    "status": "COMPLETED",
    "description": "Refund for cancelled item in Order #ORD-OYWPEO0AVE — Santal & Vetiver Body Wash",
    "created_at": "2026-04-28T17:42:12.723Z"
  }
},
{
  "model": "wallet.wallettransaction",
  "pk": 37,
  "fields": {
    "wallet": 1,
    "order": null,
    "transaction_type": "ADD",
    "transaction_id": "order_Sj00n1XlXnhu6f",
    "amount": "500.00",
    "status": "FAILED",
    "description": "Wallet top-up",
    "created_at": "2026-04-28T17:42:52.768Z"
  }
},
{
  "model": "wallet.wallettransaction",
  "pk": 38,
  "fields": {
    "wallet": 1,
    "order": null,
    "transaction_type": "ADD",
    "transaction_id": "pay_Sj02dOuhQtHbwC",
    "amount": "500.00",
    "status": "COMPLETED",
    "description": "Wallet top-up",
    "created_at": "2026-04-28T17:43:14.018Z"
  }
},
{
  "model": "wallet.wallettransaction",
  "pk": 39,
  "fields": {
    "wallet": 1,
    "order": 113,
    "transaction_type": "PURCHASE",
    "transaction_id": "dee2b3fc-75de-4384-8c57-8f5bb72c9acf",
    "amount": "7392.00",
    "status": "COMPLETED",
    "description": "Payment for Order",
    "created_at": "2026-04-30T10:43:29.073Z"
  }
},
{
  "model": "offer.offer",
  "pk": 2,
  "fields": {
    "name": "ONAMSALE",
    "discount_type": "PERCENTAGE",
    "discount_value": "20.00",
    "max_discount": "200.00",
    "min_purchase": null,
    "start_date": "2026-04-21T18:30:00Z",
    "end_date": "2026-04-25T18:30:00Z",
    "is_active": true,
    "created_at": "2026-04-22T10:24:26.545Z",
    "updated_at": "2026-04-22T19:46:20.686Z"
  }
},
{
  "model": "offer.offer",
  "pk": 3,
  "fields": {
    "name": "BIGFIX",
    "discount_type": "PERCENTAGE",
    "discount_value": "6.00",
    "max_discount": "200.00",
    "min_purchase": null,
    "start_date": "2026-04-23T18:30:00Z",
    "end_date": "2026-04-29T18:30:00Z",
    "is_active": true,
    "created_at": "2026-04-22T19:24:56.777Z",
    "updated_at": "2026-04-22T19:46:14.024Z"
  }
},
{
  "model": "offer.offeritem",
  "pk": 2,
  "fields": {
    "offer": 2,
    "apply_to": "PRODUCT",
    "product": 18,
    "category": null
  }
},
{
  "model": "offer.offeritem",
  "pk": 3,
  "fields": {
    "offer": 3,
    "apply_to": "CATEGORY",
    "product": null,
    "category": 2
  }
},
{
  "model": "review.review",
  "pk": 1,
  "fields": {
    "user": 76,
    "product": 17,
    "order": 14,
    "rating": 4,
    "title": "super",
    "comment": "good product like it vaery much",
    "status": "approved",
    "is_edited": false,
    "is_deleted": false,
    "created_at": "2026-04-29T19:07:56.835Z",
    "updated_at": "2026-04-30T03:30:57.401Z"
  }
},
{
  "model": "review.review",
  "pk": 2,
  "fields": {
    "user": 76,
    "product": 17,
    "order": 15,
    "rating": 3,
    "title": "Wonderfull",
    "comment": "niccee change chnage in my face coool  feel",
    "status": "approved",
    "is_edited": false,
    "is_deleted": false,
    "created_at": "2026-04-30T04:25:09.587Z",
    "updated_at": "2026-04-30T04:25:24.199Z"
  }
},
{
  "model": "review.reviewimage",
  "pk": 1,
  "fields": {
    "review": 1,
    "image": "reviews/Screenshot_2025-10-20_015254.png"
  }
},
{
  "model": "review.reviewimage",
  "pk": 2,
  "fields": {
    "review": 1,
    "image": "reviews/Screenshot_2025-10-20_015432.png"
  }
}
]
